timestamp,src,dest,clip_score,color_score,best_render
20251208_150903,bus_at_20251208_143615.jpg,false,0.762034,0.385888,frame_0071.png
20251208_150903,bus_at_20251208_143620.jpg,false,0.779199,0.154699,frame_0084.png
20251208_150903,bus_at_20251208_143621.jpg,false,0.746387,0.336377,frame_0084.png
20251208_150904,bus_at_20251208_143622.jpg,correct,0.721695,0.602894,frame_0071.png
20251208_150904,bus_at_20251208_143623.jpg,correct,0.730311,0.656789,frame_0071.png
20251208_150904,bus_at_20251208_143624.jpg,correct,0.731668,0.633760,frame_0071.png
20251208_150905,bus_at_20251208_143625.jpg,false,0.746132,0.300446,frame_0047.png
20251208_150905,bus_at_20251208_143626.jpg,correct,0.786740,0.471797,frame_0071.png
20251208_150905,bus_at_20251208_143627.jpg,correct,0.784214,0.538310,frame_0071.png
20251208_150905,bus_at_20251208_143633.jpg,false,0.780866,0.359871,frame_0047.png
20251208_150906,bus_at_20251208_143634.jpg,correct,0.727156,0.586103,frame_0071.png
20251208_150906,bus_at_20251208_143635.jpg,correct,0.731074,0.665936,frame_0071.png
20251208_150906,bus_at_20251208_143636.jpg,correct,0.731668,0.633760,frame_0071.png
20251208_150906,bus_at_20251208_143637.jpg,correct,0.731668,0.633760,frame_0071.png
20251208_150906,bus_at_20251208_143827.jpg,correct,0.762792,0.501642,frame_0084.png
20251208_150907,bus_at_20251208_143828.jpg,correct,0.731668,0.633760,frame_0071.png
20251208_150907,bus_at_20251208_143829.jpg,correct,0.731668,0.633760,frame_0071.png
20251208_150907,bus_at_20251208_143830.jpg,correct,0.731668,0.633760,frame_0071.png
20251208_150907,bus_at_20251208_143831.jpg,correct,0.731668,0.633760,frame_0071.png
20251208_150908,bus_at_20251208_143832.jpg,correct,0.719048,0.583904,frame_0071.png
20251208_150908,bus_at_20251208_143833.jpg,correct,0.731668,0.633760,frame_0071.png
20251208_150908,bus_at_20251208_143834.jpg,correct,0.768282,0.548340,frame_0071.png
20251208_150908,bus_at_20251208_145131.jpg,correct,0.774865,0.459990,frame_0090.png
20251208_150909,bus_at_20251208_145132.jpg,correct,0.753726,0.559438,frame_0071.png
20251208_150909,bus_at_20251208_145137.jpg,false,0.794481,0.181230,frame_0084.png
20251208_150909,bus_at_20251208_145138.jpg,false,0.756250,0.367295,frame_0047.png
20251208_150909,bus_at_20251208_145139.jpg,correct,0.719168,0.631677,frame_0071.png
20251208_150910,bus_at_20251208_145140.jpg,correct,0.729403,0.665307,frame_0071.png
20251208_150910,bus_at_20251208_145141.jpg,correct,0.731668,0.633760,frame_0071.png
20251208_150910,bus_at_20251208_145142.jpg,false,0.753873,0.315949,frame_0047.png
20251208_150910,bus_at_20251208_145143.jpg,correct,0.782828,0.445104,frame_0071.png
20251208_150911,bus_at_20251208_145144.jpg,correct,0.753726,0.559438,frame_0071.png
20251208_150911,bus_at_20251208_145208.jpg,correct,0.772976,0.531458,frame_0084.png
20251208_150911,bus_at_20251208_145209.jpg,correct,0.782581,0.506725,frame_0084.png
20251208_150911,bus_at_20251208_145210.jpg,correct,0.758698,0.500693,frame_0071.png
20251208_150912,bus_at_20251208_145211.jpg,correct,0.778858,0.460417,frame_0071.png
20251208_150912,bus_at_20251208_145212.jpg,correct,0.780754,0.492269,frame_0084.png
20251208_150912,bus_at_20251208_145213.jpg,correct,0.764962,0.489053,frame_0076.png
20251208_150912,bus_at_20251208_145214.jpg,false,0.751692,0.328158,frame_0047.png
20251208_150913,bus_at_20251208_145215.jpg,false,0.749002,0.358694,frame_0084.png
20251208_150913,bus_at_20251208_145216.jpg,correct,0.718236,0.435300,frame_0084.png
20251208_150913,bus_at_20251208_145226.jpg,correct,0.758229,0.404782,frame_0071.png
20251208_150913,bus_at_20251208_145227.jpg,correct,0.778858,0.460417,frame_0071.png
20251208_150913,bus_at_20251208_145228.jpg,correct,0.764623,0.496938,frame_0076.png
20251208_150914,bus_at_20251208_145229.jpg,false,0.749002,0.358694,frame_0084.png
20251208_150914,bus_at_20251208_145230.jpg,correct,0.718236,0.435300,frame_0084.png
20251208_150914,bus_at_20251208_145244.jpg,correct,0.758229,0.404782,frame_0071.png
20251208_150914,bus_at_20251208_145245.jpg,correct,0.774865,0.459990,frame_0090.png
20251208_150915,bus_at_20251208_145246.jpg,correct,0.774584,0.488308,frame_0071.png
20251208_150915,bus_at_20251208_145247.jpg,correct,0.753701,0.559532,frame_0071.png
20251208_150915,bus_at_20251208_145258.jpg,correct,0.791876,0.430061,frame_0084.png
20251208_150915,bus_at_20251208_145259.jpg,false,0.753873,0.315949,frame_0047.png
20251208_150916,bus_at_20251208_145300.jpg,correct,0.718236,0.435300,frame_0084.png
20251208_150916,bus_at_20251208_145304.jpg,correct,0.621006,0.575724,frame_0071.png
20251208_150916,bus_at_20251208_145305.jpg,correct,0.774118,0.429875,frame_0090.png
20251208_150916,bus_at_20251208_145306.jpg,false,0.784854,0.358394,frame_0056.png
20251208_150917,bus_at_20251208_145307.jpg,correct,0.753465,0.459360,frame_0084.png
20251208_150917,bus_at_20251208_145308.jpg,correct,0.777245,0.551709,frame_0071.png
20251208_150917,bus_at_20251208_145309.jpg,correct,0.757226,0.543557,frame_0071.png
20251208_150917,bus_at_20251208_145310.jpg,correct,0.736760,0.581299,frame_0071.png
20251208_150918,bus_at_20251208_145312.jpg,correct,0.641283,0.427072,frame_0071.png
20251208_150918,bus_at_20251208_145326.jpg,false,0.619811,0.095794,frame_0071.png
20251208_150918,bus_at_20251208_145336.jpg,false,0.779094,0.155438,frame_0084.png
20251208_150918,bus_at_20251208_145337.jpg,false,0.784061,0.246779,frame_0084.png
20251208_150919,bus_at_20251208_145338.jpg,false,0.746387,0.336377,frame_0084.png
20251208_150919,bus_at_20251208_145342.jpg,correct,0.733569,0.618961,frame_0078.png
20251208_150919,bus_at_20251208_145343.jpg,correct,0.768133,0.592630,frame_0071.png
20251208_150919,bus_at_20251208_145344.jpg,correct,0.730128,0.546227,frame_0071.png
20251208_150920,bus_at_20251208_145345.jpg,correct,0.716164,0.568729,frame_0071.png
20251208_150920,bus_at_20251208_145346.jpg,correct,0.724081,0.638995,frame_0071.png
20251208_150920,bus_at_20251208_145347.jpg,correct,0.735093,0.646141,frame_0071.png
20251208_150920,bus_at_20251208_145348.jpg,correct,0.732220,0.653004,frame_0071.png
20251208_150920,bus_at_20251208_145349.jpg,correct,0.728730,0.656491,frame_0071.png
20251208_150921,bus_at_20251208_145350.jpg,correct,0.730820,0.663984,frame_0071.png
20251208_150921,bus_at_20251208_145351.jpg,correct,0.727686,0.666267,frame_0071.png
20251208_150921,bus_at_20251208_145352.jpg,correct,0.729089,0.669313,frame_0071.png
20251208_150921,bus_at_20251208_145353.jpg,correct,0.730620,0.629315,frame_0071.png
20251208_150922,bus_at_20251208_145354.jpg,correct,0.731668,0.633760,frame_0071.png
20251208_150922,bus_at_20251208_145355.jpg,correct,0.798150,0.565705,frame_0084.png
20251208_150922,bus_at_20251208_145356.jpg,correct,0.791876,0.430061,frame_0084.png
20251208_150922,bus_at_20251208_145357.jpg,false,0.718124,0.326652,frame_0084.png
20251208_150923,bus_at_20251208_145358.jpg,correct,0.710485,0.438415,frame_0084.png
20251208_150923,fullframe_tid10_20251205_161510_s0.72.jpg,correct,0.666573,0.408595,frame_0071.png
20251208_150923,fullframe_tid13_20251205_161528_s0.72.jpg,correct,0.632490,0.494899,frame_0071.png
20251208_150923,fullframe_tid14_20251205_161738_s0.69.jpg,false,0.634509,0.325062,frame_0079.png
20251208_150924,fullframe_tid15_20251205_161905_s0.73.jpg,false,0.653518,0.344053,frame_0071.png
20251208_150924,fullframe_tid17_20251205_161949_s0.70.jpg,correct,0.647126,0.426174,frame_0071.png
20251208_150924,fullframe_tid19_20251205_162503_s0.72.jpg,false,0.672795,0.323454,frame_0071.png
20251208_150924,fullframe_tid1_20251205_154140_s0.73.jpg,correct,0.671648,0.469584,frame_0079.png
20251208_150925,fullframe_tid21_20251205_162505_s0.71.jpg,false,0.700323,0.358679,frame_0079.png
20251208_150925,fullframe_tid22_20251205_162650_s0.80.jpg,false,0.649640,0.345096,frame_0071.png
20251208_150925,fullframe_tid4_20251205_154433_s0.75.jpg,correct,0.580828,0.518351,frame_0071.png
20251208_150926,fullframe_tid6_20251205_155105_s0.69.jpg,correct,0.657357,0.435113,frame_0071.png
20251208_150926,fullframe_tid8_20251205_160956_s0.78.jpg,correct,0.615785,0.466567,frame_0071.png
20251208_150926,fullframe_tid9_20251205_161322_s0.70.jpg,false,0.666891,0.312042,frame_0084.png
20251208_150926,onibus_2025-06-26_13-03-52.jpg,correct,0.770212,0.426092,frame_0071.png
20251208_150927,onibus_2025-06-26_13-08-52.jpg,correct,0.678470,0.547050,frame_0079.png
20251208_150927,onibus_2025-06-26_13-20-03.jpg,false,0.753073,0.340810,frame_0084.png
20251208_150927,onibus_2025-06-26_13-21-14.jpg,false,0.690550,0.170369,frame_0066.png
20251208_150927,onibus_2025-06-26_13-48-40.jpg,false,0.584511,0.134392,frame_0066.png
20251208_150928,onibus_2025-06-26_13-48-58.jpg,false,0.624571,0.125432,frame_0066.png
20251208_150928,onibus_2025-06-26_14-32-15.jpg,false,0.632676,0.208153,frame_0079.png
20251208_150928,onibus_2025-06-26_16-07-19.jpg,correct,0.760824,0.443088,frame_0084.png
20251208_150928,onibus_2025-06-26_16-30-26.jpg,correct,0.674297,0.503637,frame_0066.png
20251208_150929,onibus_2025-06-26_16-31-03.jpg,correct,0.652108,0.552218,frame_0066.png
20251208_150929,onibus_2025-06-26_16-52-10.jpg,false,0.753859,0.362328,frame_0084.png
20251208_150929,onibus_2025-06-26_16-59-44.jpg,correct,0.752437,0.458850,frame_0084.png
20251208_150930,onibus_2025-06-26_17-15-28.jpg,correct,0.688777,0.484904,frame_0071.png
20251208_150930,onibus_2025-06-26_17-19-13.jpg,correct,0.774371,0.400317,frame_0084.png
20251208_150930,onibus_2025-06-26_17-27-22.jpg,correct,0.692660,0.526081,frame_0071.png
20251208_150930,onibus_2025-06-26_17-42-43.jpg,correct,0.597943,0.557417,frame_0071.png
20251208_150931,onibus_2025-06-26_17-49-18.jpg,correct,0.567240,0.498872,frame_0071.png
20251208_150931,onibus_2025-06-26_18-14-50.jpg,correct,0.578309,0.498897,frame_0071.png
20251208_150931,onibus_2025-06-26_18-19-05.jpg,correct,0.593721,0.497752,frame_0071.png
20251208_150931,onibus_2025-06-26_18-24-52.jpg,correct,0.590055,0.498146,frame_0071.png
20251208_150932,onibus_2025-06-29_14-38-48.jpg,correct,0.624024,0.468374,frame_0079.png
20251208_150932,onibus_2025-09-19_11-55-50.jpg,correct,0.765002,0.566500,frame_0084.png
20251208_150932,onibus_2025-09-19_11-56-01.jpg,correct,0.660512,0.556534,frame_0071.png
20251208_150933,onibus_2025-09-19_11-59-48.jpg,correct,0.611532,0.569433,frame_0079.png
20251208_150933,onibus_2025-09-19_12-01-08.jpg,correct,0.775771,0.585389,frame_0084.png
20251208_150933,onibus_2025-09-19_12-01-18.jpg,correct,0.583916,0.570116,frame_0066.png
20251208_150933,onibus_2025-09-19_12-05-34.jpg,correct,0.770681,0.571048,frame_0084.png
20251208_150934,onibus_2025-09-19_12-27-11.jpg,false,0.647521,0.340756,frame_0071.png
20251208_150934,onibus_2025-09-19_12-27-22.jpg,correct,0.726477,0.622637,frame_0084.png
20251208_150934,onibus_2025-09-19_12-43-25.jpg,false,0.655473,0.360774,frame_0071.png
20251208_150935,onibus_2025-09-19_13-01-11.jpg,false,0.713329,0.365760,frame_0066.png
20251208_150935,onibus_2025-09-19_13-01-41.jpg,correct,0.738990,0.532531,frame_0084.png
20251208_150935,onibus_2025-09-19_13-05-45.jpg,correct,0.634957,0.467033,frame_0071.png
20251208_150935,onibus_2025-09-19_13-15-24.jpg,correct,0.711096,0.456506,frame_0084.png
20251208_150936,onibus_2025-09-19_13-17-48.jpg,correct,0.583139,0.544496,frame_0071.png
20251209_140652,bus_at_20251208_145138.jpg,false,0.756250,0.367295,frame_0047.png
20251209_140653,bus_at_20251208_145139.jpg,correct,0.719168,0.631677,frame_0071.png
20251209_140653,bus_at_20251208_153838.jpg,correct,0.633219,0.631489,frame_0084.png
20251209_140653,bus_at_20251208_153839.jpg,correct,0.681575,0.616036,frame_0071.png
20251209_140654,bus_at_20251208_153925.jpg,correct,0.677214,0.638436,frame_0079.png
20251209_140654,bus_at_20251208_154058.jpg,correct,0.615528,0.596218,frame_0071.png
20251209_140654,bus_at_20251208_154414.jpg,correct,0.635870,0.483398,frame_0080.png
20251209_140655,bus_at_20251208_154534.jpg,false,0.640108,0.265052,frame_0079.png
20251209_140655,bus_at_20251208_155533.jpg,false,0.660644,0.254417,frame_0079.png
20251209_140655,bus_at_20251208_155535.jpg,false,0.579565,0.316899,frame_0071.png
20251209_140656,bus_at_20251208_155536.jpg,false,0.543495,0.329279,frame_0071.png
20251209_140656,bus_at_20251208_160124.jpg,false,0.633955,0.257594,frame_0079.png
20251209_140656,bus_at_20251208_160534.jpg,correct,0.706031,0.432036,frame_0079.png
20251209_140657,bus_at_20251208_160844.jpg,false,0.584619,0.062940,frame_0079.png
20251209_140657,bus_at_20251208_161004.jpg,correct,0.756016,0.505156,frame_0084.png
20251209_140657,bus_at_20251208_161005.jpg,correct,0.776998,0.607533,frame_0084.png
20251209_140658,bus_at_20251208_161006.jpg,correct,0.773027,0.547045,frame_0084.png
20251209_140658,bus_at_20251208_161007.jpg,correct,0.605777,0.537165,frame_0071.png
20251209_140658,bus_at_20251208_161008.jpg,correct,0.619174,0.572319,frame_0071.png
20251209_140658,bus_at_20251208_161009.jpg,correct,0.632203,0.641988,frame_0079.png
20251209_140659,bus_at_20251208_162158.jpg,correct,0.642077,0.582370,frame_0071.png
20251209_140659,bus_at_20251208_162231.jpg,correct,0.678813,0.577510,frame_0084.png
20251209_140700,bus_at_20251208_162232.jpg,correct,0.640242,0.605007,frame_0084.png
20251209_140700,bus_at_20251208_162650.jpg,correct,0.687513,0.557829,frame_0079.png
20251209_140700,bus_at_20251208_162651.jpg,correct,0.615766,0.677540,frame_0071.png
20251209_140701,bus_at_20251208_163609.jpg,correct,0.672821,0.510770,frame_0066.png
20251209_140701,bus_at_20251208_163610.jpg,correct,0.751305,0.569363,frame_0084.png
20251209_140701,bus_at_20251208_163611.jpg,correct,0.741145,0.589564,frame_0076.png
20251209_140701,bus_at_20251208_163613.jpg,correct,0.751389,0.574505,frame_0071.png
20251209_140702,bus_at_20251208_163614.jpg,correct,0.665094,0.501347,frame_0079.png
20251209_140702,bus_at_20251208_163615.jpg,correct,0.697892,0.557763,frame_0071.png
20251209_140702,bus_at_20251208_163616.jpg,false,0.614012,0.323565,frame_0079.png
20251209_140703,bus_at_20251208_163618.jpg,correct,0.728435,0.626554,frame_0071.png
20251209_140703,bus_at_20251208_163619.jpg,correct,0.736215,0.628960,frame_0071.png
20251209_140703,bus_at_20251208_163620.jpg,correct,0.739002,0.622329,frame_0071.png
20251209_140704,bus_at_20251208_163621.jpg,correct,0.721517,0.620912,frame_0071.png
20251209_140704,bus_at_20251208_163622.jpg,correct,0.707555,0.608697,frame_0071.png
20251209_140704,bus_at_20251208_163623.jpg,correct,0.746235,0.609967,frame_0071.png
20251209_140705,bus_at_20251208_163624.jpg,correct,0.733258,0.616050,frame_0071.png
20251209_140705,bus_at_20251208_163625.jpg,correct,0.721209,0.611619,frame_0071.png
20251209_140705,bus_at_20251208_163626.jpg,correct,0.717990,0.612879,frame_0071.png
20251209_140706,bus_at_20251208_163627.jpg,correct,0.727402,0.615464,frame_0071.png
20251209_140706,bus_at_20251208_163628.jpg,correct,0.703864,0.607927,frame_0071.png
20251209_140706,bus_at_20251208_163629.jpg,correct,0.724275,0.600993,frame_0071.png
20251209_140707,bus_at_20251208_163630.jpg,correct,0.726993,0.595963,frame_0071.png
20251209_140707,bus_at_20251208_163633.jpg,correct,0.735087,0.570634,frame_0071.png
20251209_140707,bus_at_20251208_163634.jpg,correct,0.744729,0.568504,frame_0071.png
20251209_140708,bus_at_20251208_163635.jpg,correct,0.729417,0.569037,frame_0071.png
20251209_140708,bus_at_20251208_163636.jpg,correct,0.726207,0.554029,frame_0071.png
20251209_140708,bus_at_20251208_163851.jpg,correct,0.698027,0.644979,frame_0079.png
20251209_140709,bus_at_20251208_163852.jpg,correct,0.726339,0.591276,frame_0084.png
20251209_140709,bus_at_20251208_163853.jpg,correct,0.770689,0.616255,frame_0071.png
20251209_140709,bus_at_20251208_163854.jpg,correct,0.713339,0.646354,frame_0071.png
20251209_140709,bus_at_20251208_163855.jpg,correct,0.690507,0.623413,frame_0071.png
20251209_140710,bus_at_20251208_163944.jpg,false,0.636530,0.377428,frame_0084.png
20251209_140710,bus_at_20251208_163945.jpg,correct,0.668852,0.736040,frame_0079.png
20251209_140710,bus_at_20251208_163946.jpg,false,0.661484,0.181392,frame_0084.png
20251209_140711,bus_at_20251208_164319.jpg,false,0.617656,0.143511,frame_0071.png
20251209_140711,bus_at_20251208_164320.jpg,false,0.650843,0.222353,frame_0079.png
20251209_140711,bus_at_20251208_171547.jpg,correct,0.692416,0.716481,frame_0071.png
20251209_140712,bus_at_20251208_171735.jpg,correct,0.669670,0.555886,frame_0071.png
20251209_140712,bus_at_20251208_171736.jpg,correct,0.704322,0.675307,frame_0079.png
20251209_140712,bus_at_20251208_171926.jpg,correct,0.717031,0.571055,frame_0071.png
20251209_140713,bus_at_20251208_171927.jpg,correct,0.762484,0.588655,frame_0084.png
20251209_140713,bus_at_20251208_171928.jpg,correct,0.748698,0.614890,frame_0071.png
20251209_140713,bus_at_20251208_171929.jpg,correct,0.683415,0.542405,frame_0079.png
20251209_140714,bus_at_20251208_171930.jpg,correct,0.623433,0.522326,frame_0071.png
20251209_140714,bus_at_20251208_171931.jpg,correct,0.592286,0.616133,frame_0071.png
20251209_140714,bus_at_20251208_171949.jpg,false,0.616257,0.381563,frame_0071.png
20251209_140714,bus_at_20251208_172006.jpg,false,0.690374,0.231195,frame_0079.png
20251209_140715,bus_at_20251208_172302.jpg,correct,0.652496,0.639034,frame_0071.png
20251209_140715,bus_at_20251208_172625.jpg,correct,0.673862,0.791217,frame_0071.png
20251209_140715,bus_at_20251208_172843.jpg,false,0.640915,0.200427,frame_0071.png
20251209_140716,bus_at_20251208_173419.jpg,correct,0.653597,0.572043,frame_0071.png
20251209_140716,bus_at_20251208_173420.jpg,correct,0.625886,0.615981,frame_0071.png
20251209_140716,bus_at_20251208_173427.jpg,false,0.655879,0.284996,frame_0071.png
20251209_140716,bus_at_20251208_174435.jpg,correct,0.653777,0.575413,frame_0047.png
20251209_140717,bus_at_20251208_174436.jpg,correct,0.738001,0.551184,frame_0071.png
20251209_140717,bus_at_20251208_174437.jpg,correct,0.721295,0.590936,frame_0071.png
20251209_140717,bus_at_20251208_181357.jpg,false,0.633160,0.379534,frame_0071.png
20251209_140718,bus_at_20251208_181358.jpg,false,0.606515,0.372551,frame_0071.png
20251209_140718,bus_at_20251208_182206.jpg,correct,0.732386,0.607282,frame_0079.png
20251209_140718,bus_at_20251208_182207.jpg,correct,0.773555,0.607679,frame_0071.png
20251209_140719,bus_at_20251208_182208.jpg,correct,0.692871,0.590167,frame_0071.png
20251209_140719,bus_at_20251208_182209.jpg,correct,0.625722,0.636742,frame_0071.png
20251209_140719,bus_at_20251208_182210.jpg,correct,0.579493,0.559682,frame_0071.png
20251209_140719,bus_at_20251208_182318.jpg,correct,0.670083,0.478865,frame_0071.png
20251209_140720,bus_at_20251208_182638.jpg,false,0.614553,0.298977,frame_0079.png
20251209_140720,bus_at_20251208_182807.jpg,correct,0.632513,0.438368,frame_0066.png
20251209_140720,bus_at_20251208_182808.jpg,correct,0.669152,0.642176,frame_0079.png
20251209_140721,bus_at_20251208_182809.jpg,correct,0.740596,0.667752,frame_0071.png
20251209_140721,bus_at_20251208_182810.jpg,correct,0.702501,0.601674,frame_0071.png
20251209_140721,bus_at_20251208_183230.jpg,correct,0.693937,0.523723,frame_0079.png
20251209_140721,bus_at_20251208_183926.jpg,false,0.636487,0.384626,frame_0079.png
20251209_140722,bus_at_20251208_184107.jpg,correct,0.621539,0.417866,frame_0071.png
20251209_140722,bus_at_20251208_184640.jpg,correct,0.679661,0.552688,frame_0079.png
20251209_140722,bus_at_20251208_184641.jpg,correct,0.698177,0.475265,frame_0079.png
20251209_140722,bus_at_20251208_184642.jpg,false,0.729978,0.391831,frame_0071.png
20251209_140723,bus_at_20251208_184643.jpg,false,0.693533,0.375446,frame_0071.png
20251209_140723,bus_at_20251208_184644.jpg,false,0.699642,0.387876,frame_0071.png
20251209_140723,bus_at_20251208_184646.jpg,false,0.704303,0.360384,frame_0071.png
20251209_140724,bus_at_20251208_184647.jpg,false,0.721836,0.315545,frame_0071.png
20251209_140724,bus_at_20251208_184648.jpg,false,0.736642,0.393882,frame_0071.png
20251209_140724,bus_at_20251208_184651.jpg,correct,0.698406,0.430542,frame_0071.png
20251209_140724,bus_at_20251208_184652.jpg,correct,0.723047,0.509493,frame_0071.png
20251209_140725,bus_at_20251208_184653.jpg,false,0.629815,0.258052,frame_0071.png
20251209_140725,bus_at_20251208_184654.jpg,correct,0.698521,0.473778,frame_0084.png
20251209_140725,bus_at_20251208_185935.jpg,false,0.557137,0.014461,frame_0079.png
20251209_140725,bus_at_20251208_192903.jpg,correct,0.568923,0.497334,frame_0079.png
20251209_140726,bus_at_20251208_195421.jpg,correct,0.576749,0.497334,frame_0071.png
20251209_140726,bus_at_20251208_195422.jpg,correct,0.612355,0.497334,frame_0079.png
20251209_140726,bus_at_20251208_195656.jpg,correct,0.557472,0.497334,frame_0071.png
20251209_140827,onibus_2025-06-26_13-03-52.jpg,correct,0.770212,0.426092,frame_0071.png
20251209_140828,onibus_2025-06-26_13-08-52.jpg,correct,0.678470,0.547050,frame_0079.png
20251209_140828,onibus_2025-06-26_13-20-03.jpg,false,0.753073,0.340810,frame_0084.png
20251209_140828,onibus_2025-06-26_13-21-14.jpg,false,0.690550,0.170369,frame_0066.png
20251209_140829,onibus_2025-06-26_13-48-40.jpg,false,0.584511,0.134392,frame_0066.png
20251209_140829,onibus_2025-06-26_13-48-58.jpg,false,0.624571,0.125432,frame_0066.png
20251209_140829,onibus_2025-06-26_14-32-15.jpg,false,0.632676,0.208153,frame_0079.png
20251209_140830,onibus_2025-06-26_16-07-19.jpg,correct,0.760824,0.443088,frame_0084.png
20251209_140830,onibus_2025-06-26_16-30-26.jpg,correct,0.674297,0.503637,frame_0066.png
20251209_140830,onibus_2025-06-26_16-31-03.jpg,correct,0.652108,0.552218,frame_0066.png
20251209_140831,onibus_2025-06-26_16-52-10.jpg,false,0.753859,0.362328,frame_0084.png
20251209_140831,onibus_2025-06-26_16-59-44.jpg,correct,0.752437,0.458850,frame_0084.png
20251209_140831,onibus_2025-06-26_17-15-28.jpg,correct,0.688777,0.484904,frame_0071.png
20251209_140832,onibus_2025-06-26_17-19-13.jpg,correct,0.774371,0.400317,frame_0084.png
20251209_140832,onibus_2025-06-26_17-27-22.jpg,correct,0.692660,0.526081,frame_0071.png
20251209_140832,onibus_2025-06-26_17-42-43.jpg,correct,0.597943,0.557417,frame_0071.png
20251209_140832,onibus_2025-06-26_17-49-18.jpg,correct,0.567240,0.498872,frame_0071.png
20251209_140833,onibus_2025-06-26_18-14-50.jpg,correct,0.578309,0.498897,frame_0071.png
20251209_140833,onibus_2025-06-26_18-19-05.jpg,correct,0.593721,0.497752,frame_0071.png
20251209_140833,onibus_2025-06-26_18-24-52.jpg,correct,0.590055,0.498146,frame_0071.png
20251211_130150,bus_at_20251209_145428.jpg,false,0.606895,0.195463,frame_0071.png
20251211_130150,bus_at_20251209_145429.jpg,false,0.607408,0.246349,frame_0071.png
20251211_130151,bus_at_20251209_150510.jpg,correct,0.707203,0.534325,frame_0079.png
20251211_130151,bus_at_20251209_150511.jpg,correct,0.707203,0.534325,frame_0079.png
20251211_130151,bus_at_20251209_150546.jpg,correct,0.596598,0.518528,frame_0084.png
20251211_130152,bus_at_20251209_151702.jpg,false,0.673854,0.137346,frame_0079.png
20251211_130152,bus_at_20251209_152537.jpg,correct,0.636423,0.597205,frame_0071.png
20251211_130152,bus_at_20251209_152538.jpg,false,0.674622,0.346601,frame_0079.png
20251211_130153,bus_at_20251209_152539.jpg,false,0.688787,0.345643,frame_0079.png
20251211_130153,bus_at_20251209_152540.jpg,false,0.690413,0.331816,frame_0079.png
20251211_130153,bus_at_20251209_152541.jpg,false,0.675336,0.386706,frame_0079.png
20251211_130154,bus_at_20251209_152543.jpg,correct,0.674395,0.417960,frame_0079.png
20251211_130154,bus_at_20251209_153329.jpg,correct,0.665013,0.573824,frame_0079.png
20251211_130154,bus_at_20251209_153330.jpg,correct,0.668698,0.506382,frame_0079.png
20251211_130154,bus_at_20251209_153334.jpg,false,0.692298,0.261075,frame_0079.png
20251211_130155,bus_at_20251209_153437.jpg,correct,0.620586,0.438588,frame_0084.png
20251211_130155,bus_at_20251209_153438.jpg,false,0.704463,0.387905,frame_0079.png
20251211_130155,bus_at_20251209_153439.jpg,false,0.610202,0.391369,frame_0071.png
20251211_130156,bus_at_20251209_153440.jpg,correct,0.675805,0.408824,frame_0079.png
20251211_130156,bus_at_20251209_153441.jpg,false,0.690406,0.390842,frame_0079.png
20251211_130156,bus_at_20251209_153442.jpg,false,0.694031,0.300666,frame_0079.png
20251211_130157,bus_at_20251209_153618.jpg,correct,0.661780,0.468617,frame_0079.png
20251211_130157,bus_at_20251209_153620.jpg,false,0.655198,0.336705,frame_0079.png
20251211_130157,bus_at_20251209_153621.jpg,correct,0.652322,0.400074,frame_0071.png
20251211_130157,bus_at_20251209_153622.jpg,false,0.665915,0.287116,frame_0071.png
20251211_130158,bus_at_20251209_154151.jpg,correct,0.673450,0.455614,frame_0071.png
20251211_130158,bus_at_20251209_154224.jpg,false,0.659454,0.201276,frame_0079.png
20251211_130158,bus_at_20251209_154235.jpg,correct,0.666391,0.535665,frame_0079.png
20251211_130158,bus_at_20251209_154236.jpg,false,0.699482,0.347993,frame_0079.png
20251211_130159,bus_at_20251209_154358.jpg,correct,0.675896,0.522804,frame_0079.png
20251211_130159,bus_at_20251209_154359.jpg,correct,0.670265,0.496890,frame_0079.png
20251211_130159,bus_at_20251209_154400.jpg,false,0.709133,0.231070,frame_0084.png
20251211_130200,bus_at_20251209_155650.jpg,correct,0.685331,0.577017,frame_0079.png
20251211_130200,bus_at_20251209_155651.jpg,correct,0.689160,0.656190,frame_0079.png
20251211_130200,bus_at_20251209_155652.jpg,correct,0.678814,0.553180,frame_0079.png
20251211_130200,bus_at_20251209_155653.jpg,correct,0.649856,0.636562,frame_0079.png
20251211_130201,bus_at_20251209_155654.jpg,correct,0.703451,0.708859,frame_0079.png
20251211_130201,bus_at_20251209_160700.jpg,correct,0.703739,0.510520,frame_0079.png
20251211_130201,bus_at_20251209_160701.jpg,correct,0.753508,0.498710,frame_0071.png
20251211_130202,bus_at_20251209_160702.jpg,correct,0.779821,0.577133,frame_0084.png
20251211_130202,bus_at_20251209_160703.jpg,correct,0.718650,0.547885,frame_0071.png
20251211_130202,bus_at_20251209_160704.jpg,correct,0.620473,0.542576,frame_0066.png
20251211_130202,bus_at_20251209_160705.jpg,correct,0.625502,0.614370,frame_0071.png
20251211_130203,bus_at_20251209_162749.jpg,correct,0.659136,0.404890,frame_0084.png
20251211_130203,bus_at_20251209_162750.jpg,false,0.612490,0.347284,frame_0071.png
20251211_130203,bus_at_20251209_163219.jpg,correct,0.676217,0.589443,frame_0079.png
20251211_130204,bus_at_20251209_163220.jpg,correct,0.650706,0.588628,frame_0084.png
20251211_130204,bus_at_20251209_163221.jpg,correct,0.750105,0.636473,frame_0084.png
20251211_130204,bus_at_20251209_163222.jpg,correct,0.677902,0.670578,frame_0080.png
20251211_130204,bus_at_20251209_163223.jpg,correct,0.729826,0.667400,frame_0071.png
20251211_130205,bus_at_20251209_163225.jpg,correct,0.706755,0.633089,frame_0084.png
20251211_130205,bus_at_20251209_163226.jpg,correct,0.701192,0.624927,frame_0084.png
20251211_130205,bus_at_20251209_163227.jpg,correct,0.707462,0.678745,frame_0071.png
20251211_130206,bus_at_20251209_163230.jpg,correct,0.723112,0.654747,frame_0084.png
20251211_130206,bus_at_20251209_163231.jpg,correct,0.724708,0.673771,frame_0084.png
20251211_130206,bus_at_20251209_163238.jpg,correct,0.718228,0.657169,frame_0071.png
20251211_130207,bus_at_20251209_163644.jpg,correct,0.615160,0.547019,frame_0071.png
20251211_130207,bus_at_20251209_163756.jpg,correct,0.688034,0.466742,frame_0079.png
20251211_130207,bus_at_20251209_163837.jpg,correct,0.716827,0.642049,frame_0071.png
20251211_130207,bus_at_20251209_163838.jpg,correct,0.598945,0.540841,frame_0047.png
20251211_130208,bus_at_20251209_163839.jpg,correct,0.725179,0.649782,frame_0080.png
20251211_130208,bus_at_20251209_163840.jpg,correct,0.745673,0.624887,frame_0071.png
20251211_130208,bus_at_20251209_163916.jpg,false,0.663927,0.343183,frame_0079.png
20251211_130209,bus_at_20251209_163917.jpg,correct,0.645881,0.440204,frame_0071.png
20251211_130209,bus_at_20251209_163918.jpg,false,0.573155,0.320840,frame_0071.png
20251211_130209,bus_at_20251209_164436.jpg,false,0.631215,0.205068,frame_0079.png
20251211_130210,bus_at_20251209_164739.jpg,correct,0.709466,0.597553,frame_0084.png
20251211_130210,bus_at_20251209_164740.jpg,correct,0.685833,0.647055,frame_0079.png
20251211_130210,bus_at_20251209_164741.jpg,correct,0.697996,0.620166,frame_0079.png
20251211_130211,bus_at_20251209_164742.jpg,correct,0.693829,0.663139,frame_0079.png
20251211_130211,bus_at_20251209_164743.jpg,correct,0.715665,0.581180,frame_0079.png
20251211_130211,bus_at_20251209_164744.jpg,correct,0.705131,0.567355,frame_0079.png
20251211_130211,bus_at_20251209_164745.jpg,correct,0.703259,0.699793,frame_0079.png
20251211_130212,bus_at_20251209_164805.jpg,correct,0.701258,0.556589,frame_0079.png
20251211_130212,bus_at_20251209_164807.jpg,correct,0.655853,0.542136,frame_0079.png
20251211_130212,bus_at_20251209_164953.jpg,correct,0.644204,0.569801,frame_0071.png
20251211_130212,bus_at_20251209_170028.jpg,false,0.565896,0.324605,frame_0079.png
20251211_130213,bus_at_20251209_170029.jpg,false,0.553668,0.326378,frame_0079.png
20251211_130213,bus_at_20251209_170030.jpg,false,0.558353,0.322852,frame_0079.png
20251211_130213,bus_at_20251209_170031.jpg,false,0.561193,0.325459,frame_0079.png
20251211_130214,bus_at_20251209_171734.jpg,correct,0.645558,0.633661,frame_0071.png
20251211_130214,bus_at_20251209_171737.jpg,false,0.637574,0.261497,frame_0079.png
20251211_130214,bus_at_20251209_172117.jpg,correct,0.676208,0.558353,frame_0079.png
20251211_130214,bus_at_20251209_172120.jpg,correct,0.572578,0.719415,frame_0071.png
20251211_130215,bus_at_20251209_172257.jpg,correct,0.733964,0.514959,frame_0084.png
20251211_130215,bus_at_20251209_172258.jpg,correct,0.772682,0.605223,frame_0084.png
20251211_130215,bus_at_20251209_172259.jpg,correct,0.762089,0.546507,frame_0084.png
20251211_130216,bus_at_20251209_172300.jpg,correct,0.657486,0.589880,frame_0071.png
20251211_130216,bus_at_20251209_172301.jpg,correct,0.573471,0.489136,frame_0071.png
20251211_130216,bus_at_20251209_172302.jpg,correct,0.623241,0.535193,frame_0066.png
20251211_130216,bus_at_20251209_172420.jpg,correct,0.592463,0.619876,frame_0071.png
20251211_130217,bus_at_20251209_172713.jpg,correct,0.669794,0.458259,frame_0079.png
20251211_130217,bus_at_20251209_174253.jpg,correct,0.637381,0.571878,frame_0079.png
20251211_130217,bus_at_20251209_174911.jpg,correct,0.636081,0.434326,frame_0079.png
20251211_130218,bus_at_20251209_174912.jpg,correct,0.752449,0.548175,frame_0094.png
20251211_130218,bus_at_20251209_174913.jpg,correct,0.724845,0.639550,frame_0076.png
20251211_130218,bus_at_20251209_174914.jpg,correct,0.720216,0.626914,frame_0071.png
20251211_130218,bus_at_20251209_174915.jpg,correct,0.688485,0.565444,frame_0071.png
20251211_130219,bus_at_20251209_174916.jpg,correct,0.696705,0.591093,frame_0084.png
20251211_130219,bus_at_20251209_174917.jpg,correct,0.699295,0.586027,frame_0084.png
20251211_130219,bus_at_20251209_175522.jpg,correct,0.642496,0.497356,frame_0079.png
20251211_130220,bus_at_20251209_175525.jpg,correct,0.637743,0.476408,frame_0079.png
20251211_130220,bus_at_20251209_180609.jpg,correct,0.576607,0.584611,frame_0071.png
20251211_130220,bus_at_20251209_181113.jpg,correct,0.663424,0.729164,frame_0071.png
20251211_130220,bus_at_20251209_182749.jpg,correct,0.672230,0.655755,frame_0071.png
20251211_130221,bus_at_20251209_182750.jpg,correct,0.725861,0.511711,frame_0079.png
20251211_130221,bus_at_20251209_182751.jpg,correct,0.757525,0.625385,frame_0071.png
20251211_130221,bus_at_20251209_182752.jpg,correct,0.633330,0.560958,frame_0071.png
20251211_130221,bus_at_20251209_182753.jpg,correct,0.561516,0.552318,frame_0066.png
20251211_130222,bus_at_20251209_182754.jpg,correct,0.589868,0.483997,frame_0071.png
20251211_130222,bus_at_20251209_182855.jpg,correct,0.651526,0.408438,frame_0066.png
20251211_130222,bus_at_20251209_182856.jpg,correct,0.684201,0.550188,frame_0071.png
20251211_130223,bus_at_20251209_182857.jpg,correct,0.702914,0.585882,frame_0071.png
20251211_130223,bus_at_20251209_182858.jpg,correct,0.681873,0.562578,frame_0071.png
20251211_130223,bus_at_20251209_182859.jpg,correct,0.707709,0.523765,frame_0071.png
20251211_130223,bus_at_20251209_182900.jpg,correct,0.669388,0.561160,frame_0071.png
20251211_130224,bus_at_20251209_182901.jpg,correct,0.668799,0.566083,frame_0071.png
20251211_130224,bus_at_20251209_182904.jpg,correct,0.717094,0.521501,frame_0084.png
20251211_130224,bus_at_20251209_182905.jpg,correct,0.703442,0.522535,frame_0084.png
20251211_130225,bus_at_20251209_182906.jpg,correct,0.667341,0.585357,frame_0071.png
20251211_130225,bus_at_20251209_182907.jpg,correct,0.699672,0.597149,frame_0071.png
20251211_130225,bus_at_20251209_182908.jpg,correct,0.712809,0.589785,frame_0084.png
20251211_130225,bus_at_20251209_182909.jpg,correct,0.724966,0.589373,frame_0071.png
20251211_130226,bus_at_20251209_182910.jpg,correct,0.727033,0.596750,frame_0084.png
20251211_130226,bus_at_20251209_183202.jpg,correct,0.681277,0.452311,frame_0079.png
20251211_130226,bus_at_20251209_185147.jpg,correct,0.557227,0.497334,frame_0071.png
20251211_130226,bus_at_20251209_185148.jpg,correct,0.570283,0.497334,frame_0071.png
20251211_130227,bus_at_20251209_185149.jpg,correct,0.659819,0.497334,frame_0079.png
20251211_130227,bus_at_20251209_185150.jpg,correct,0.616897,0.497334,frame_0071.png
20251211_130227,bus_at_20251209_185151.jpg,correct,0.594317,0.497334,frame_0071.png
20251211_130228,bus_at_20251209_185152.jpg,correct,0.611178,0.497334,frame_0071.png
20251211_130228,bus_at_20251209_190025.jpg,correct,0.599605,0.497334,frame_0071.png
20251212_135514,bus_at_20251211_130337.jpg,false,0.692422,0.301021,frame_0071.png
20251212_135514,bus_at_20251211_130604.jpg,false,0.630761,0.299145,frame_0066.png
20251212_135515,bus_at_20251211_131731.jpg,correct,0.660690,0.427552,frame_0071.png
20251212_135515,bus_at_20251211_131732.jpg,correct,0.661754,0.407979,frame_0084.png
20251212_135515,bus_at_20251211_131733.jpg,correct,0.648145,0.431881,frame_0079.png
20251212_135516,bus_at_20251211_131828.jpg,correct,0.675195,0.553370,frame_0079.png
20251212_135516,bus_at_20251211_131830.jpg,correct,0.622851,0.476258,frame_0071.png
20251212_135516,bus_at_20251211_132056.jpg,false,0.750686,0.270467,frame_0084.png
20251212_135517,bus_at_20251211_132057.jpg,false,0.692891,0.310382,frame_0071.png
20251212_135517,bus_at_20251211_132058.jpg,false,0.649538,0.336354,frame_0079.png
20251212_135517,bus_at_20251211_132059.jpg,correct,0.606858,0.413484,frame_0071.png
20251212_135517,bus_at_20251211_132100.jpg,correct,0.649285,0.444298,frame_0071.png
20251212_135518,bus_at_20251211_132101.jpg,false,0.586103,0.351058,frame_0066.png
20251212_135518,bus_at_20251211_132114.jpg,false,0.640585,0.253249,frame_0079.png
20251212_135518,bus_at_20251211_132501.jpg,correct,0.664453,0.428621,frame_0071.png
20251212_135519,bus_at_20251211_132502.jpg,false,0.673244,0.370337,frame_0079.png
20251212_135519,bus_at_20251211_133349.jpg,false,0.737544,0.259276,frame_0047.png
20251212_135519,bus_at_20251211_133350.jpg,false,0.703866,0.181055,frame_0079.png
20251212_135519,bus_at_20251211_133351.jpg,false,0.703866,0.181055,frame_0079.png
20251212_135520,bus_at_20251211_133757.jpg,false,0.637085,0.389396,frame_0084.png
20251212_135520,bus_at_20251211_133758.jpg,correct,0.604077,0.507355,frame_0066.png
20251212_135520,bus_at_20251211_135132.jpg,false,0.667136,0.341008,frame_0071.png
20251212_135521,bus_at_20251211_135133.jpg,false,0.735318,0.305487,frame_0071.png
20251212_135521,bus_at_20251211_135134.jpg,false,0.744995,0.226380,frame_0071.png
20251212_135521,bus_at_20251211_135258.jpg,correct,0.660577,0.408057,frame_0071.png
20251212_135521,bus_at_20251211_135259.jpg,false,0.589934,0.294671,frame_0047.png
20251212_135522,bus_at_20251211_135300.jpg,false,0.729757,0.288725,frame_0071.png
20251212_135522,bus_at_20251211_135301.jpg,false,0.745142,0.260478,frame_0079.png
20251212_135522,bus_at_20251211_135302.jpg,false,0.736537,0.226565,frame_0071.png
20251212_135523,bus_at_20251211_142924.jpg,false,0.641663,0.209290,frame_0084.png
20251212_135523,bus_at_20251211_142925.jpg,false,0.641663,0.209290,frame_0084.png
20251212_135523,bus_at_20251211_143302.jpg,false,0.740475,0.196840,frame_0084.png
20251212_135523,bus_at_20251211_143303.jpg,false,0.670173,0.219750,frame_0079.png
20251212_135524,bus_at_20251211_143304.jpg,correct,0.604791,0.466966,frame_0066.png
20251212_135524,bus_at_20251211_143305.jpg,correct,0.606248,0.570190,frame_0071.png
20251212_135524,bus_at_20251211_143735.jpg,false,0.621381,0.376059,frame_0079.png
20251212_135525,bus_at_20251211_143736.jpg,correct,0.609046,0.427060,frame_0079.png
20251212_135525,bus_at_20251211_151054.jpg,correct,0.639478,0.444055,frame_0079.png
20251212_135525,bus_at_20251211_151316.jpg,false,0.622511,0.128144,frame_0079.png
20251212_135525,bus_at_20251211_151556.jpg,correct,0.638992,0.516741,frame_0079.png
20251212_135526,bus_at_20251211_151713.jpg,false,0.606512,0.346411,frame_0079.png
20251212_135526,bus_at_20251211_151714.jpg,false,0.628670,0.289032,frame_0079.png
20251212_135526,bus_at_20251211_153110.jpg,correct,0.624769,0.427526,frame_0079.png
20251212_135527,bus_at_20251211_160746.jpg,correct,0.601784,0.479372,frame_0079.png
20251212_135527,bus_at_20251211_161715.jpg,correct,0.722299,0.646013,frame_0079.png
20251212_135527,bus_at_20251211_161717.jpg,correct,0.694734,0.586263,frame_0079.png
20251212_135528,bus_at_20251211_162648.jpg,correct,0.669610,0.621627,frame_0079.png
20251212_135528,bus_at_20251211_163409.jpg,correct,0.628264,0.579561,frame_0047.png
20251212_135528,bus_at_20251211_163410.jpg,correct,0.628383,0.593392,frame_0071.png
20251212_135528,bus_at_20251211_163501.jpg,correct,0.630283,0.745021,frame_0079.png
20251212_135529,bus_at_20251211_164007.jpg,correct,0.669090,0.600005,frame_0094.png
20251212_135529,bus_at_20251211_164008.jpg,correct,0.699990,0.541899,frame_0079.png
20251212_135529,bus_at_20251211_164053.jpg,correct,0.665387,0.637403,frame_0079.png
20251212_135530,bus_at_20251211_164652.jpg,false,0.639866,0.273011,frame_0079.png
20251212_135530,bus_at_20251211_164656.jpg,false,0.587848,0.351277,frame_0071.png
20251212_135530,bus_at_20251211_165102.jpg,correct,0.613924,0.422804,frame_0071.png
20251212_135530,bus_at_20251211_165456.jpg,correct,0.735219,0.664906,frame_0079.png
20251212_135531,bus_at_20251211_165457.jpg,correct,0.742012,0.614404,frame_0079.png
20251212_135531,bus_at_20251211_165458.jpg,correct,0.671108,0.535577,frame_0084.png
20251212_135531,bus_at_20251211_165459.jpg,correct,0.645178,0.466589,frame_0084.png
20251212_135532,bus_at_20251211_165500.jpg,correct,0.725439,0.414190,frame_0079.png
20251212_135532,bus_at_20251211_170302.jpg,correct,0.658948,0.478820,frame_0079.png
20251212_135532,bus_at_20251211_170324.jpg,correct,0.620094,0.417515,frame_0071.png
20251212_135532,bus_at_20251211_170325.jpg,correct,0.660870,0.497754,frame_0079.png
20251212_135533,bus_at_20251211_170326.jpg,correct,0.758066,0.683456,frame_0079.png
20251212_135533,bus_at_20251211_170327.jpg,correct,0.739495,0.506769,frame_0079.png
20251212_135533,bus_at_20251211_170328.jpg,correct,0.662913,0.530622,frame_0079.png
20251212_135534,bus_at_20251211_170329.jpg,correct,0.656791,0.603255,frame_0071.png
20251212_135534,bus_at_20251211_170330.jpg,correct,0.671000,0.457429,frame_0071.png
20251212_135534,bus_at_20251211_170334.jpg,correct,0.645115,0.547248,frame_0079.png
20251212_135534,bus_at_20251211_170335.jpg,correct,0.659944,0.594604,frame_0079.png
20251212_135535,bus_at_20251211_170336.jpg,correct,0.671441,0.594809,frame_0079.png
20251212_135535,bus_at_20251211_170337.jpg,false,0.638395,0.296379,frame_0079.png
20251212_135535,bus_at_20251211_170624.jpg,false,0.658280,0.359095,frame_0071.png
20251212_135536,bus_at_20251211_170749.jpg,correct,0.645453,0.410058,frame_0071.png
20251212_135536,bus_at_20251211_170927.jpg,correct,0.661290,0.582490,frame_0079.png
20251212_135536,bus_at_20251211_171142.jpg,correct,0.716568,0.663642,frame_0079.png
20251212_135536,bus_at_20251211_171143.jpg,correct,0.640023,0.514886,frame_0071.png
20251212_135537,bus_at_20251211_171144.jpg,false,0.589545,0.308509,frame_0071.png
20251212_135537,bus_at_20251211_171403.jpg,correct,0.623882,0.610787,frame_0079.png
20251212_135537,bus_at_20251211_171707.jpg,correct,0.654265,0.434996,frame_0071.png
20251212_135538,bus_at_20251211_171743.jpg,correct,0.632988,0.566463,frame_0079.png
20251212_135538,bus_at_20251211_172118.jpg,correct,0.753635,0.459964,frame_0084.png
20251212_135538,bus_at_20251211_172119.jpg,correct,0.757874,0.560739,frame_0084.png
20251212_135538,bus_at_20251211_172120.jpg,correct,0.698534,0.585062,frame_0079.png
20251212_135539,bus_at_20251211_172121.jpg,correct,0.637590,0.531237,frame_0066.png
20251212_135539,bus_at_20251211_172122.jpg,correct,0.626882,0.401868,frame_0071.png
20251212_135539,bus_at_20251211_172252.jpg,correct,0.670587,0.543535,frame_0071.png
20251212_135540,bus_at_20251211_172253.jpg,correct,0.653965,0.617870,frame_0079.png
20251212_135540,bus_at_20251211_172254.jpg,correct,0.623632,0.437298,frame_0079.png
20251212_135540,bus_at_20251211_172420.jpg,correct,0.692685,0.572388,frame_0079.png
20251212_135541,bus_at_20251211_172900.jpg,correct,0.683830,0.790946,frame_0079.png
20251212_135541,bus_at_20251211_172908.jpg,false,0.654603,0.346430,frame_0079.png
20251212_135541,bus_at_20251211_173400.jpg,correct,0.739931,0.670096,frame_0084.png
20251212_135542,bus_at_20251211_173401.jpg,correct,0.755362,0.646959,frame_0084.png
20251212_135542,bus_at_20251211_173402.jpg,correct,0.745241,0.767798,frame_0084.png
20251212_135542,bus_at_20251211_173403.jpg,correct,0.707090,0.744495,frame_0079.png
20251212_135542,bus_at_20251211_173404.jpg,correct,0.735639,0.734799,frame_0079.png
20251212_135543,bus_at_20251211_173405.jpg,correct,0.725971,0.702605,frame_0079.png
20251212_135543,bus_at_20251211_173406.jpg,correct,0.709472,0.688280,frame_0079.png
20251212_135543,bus_at_20251211_173413.jpg,correct,0.605116,0.574376,frame_0079.png
20251212_135544,bus_at_20251211_173921.jpg,correct,0.681495,0.461722,frame_0079.png
20251212_135544,bus_at_20251211_173922.jpg,correct,0.710051,0.560930,frame_0079.png
20251212_135544,bus_at_20251211_173923.jpg,correct,0.702151,0.512052,frame_0079.png
20251212_135545,bus_at_20251211_173925.jpg,correct,0.706425,0.419048,frame_0079.png
20251212_135545,bus_at_20251211_173927.jpg,correct,0.651371,0.561526,frame_0079.png
20251212_135545,bus_at_20251211_174019.jpg,correct,0.692577,0.497208,frame_0079.png
20251212_135545,bus_at_20251211_174020.jpg,correct,0.714435,0.494875,frame_0079.png
20251212_135546,bus_at_20251211_174021.jpg,correct,0.668567,0.518115,frame_0079.png
20251212_135546,bus_at_20251211_174022.jpg,correct,0.672065,0.493396,frame_0079.png
20251212_135546,bus_at_20251211_174023.jpg,correct,0.687168,0.550719,frame_0079.png
20251212_135547,bus_at_20251211_174024.jpg,correct,0.647787,0.528885,frame_0079.png
20251212_135547,bus_at_20251211_174025.jpg,correct,0.677034,0.692502,frame_0079.png
20251212_135547,bus_at_20251211_174303.jpg,correct,0.695065,0.496769,frame_0084.png
20251212_135547,bus_at_20251211_174304.jpg,correct,0.752999,0.642165,frame_0084.png
20251212_135548,bus_at_20251211_174305.jpg,correct,0.755912,0.688450,frame_0084.png
20251212_135548,bus_at_20251211_174306.jpg,correct,0.763736,0.642920,frame_0079.png
20251212_135548,bus_at_20251211_174307.jpg,correct,0.754817,0.649668,frame_0079.png
20251212_135549,bus_at_20251211_174308.jpg,correct,0.722101,0.669821,frame_0079.png
20251212_135549,bus_at_20251211_174309.jpg,correct,0.721681,0.734370,frame_0079.png
20251212_135549,bus_at_20251211_174528.jpg,correct,0.662789,0.468726,frame_0071.png
20251212_135549,bus_at_20251211_174529.jpg,correct,0.676357,0.652126,frame_0094.png
20251212_135550,bus_at_20251211_174530.jpg,correct,0.704869,0.620433,frame_0084.png
20251212_135550,bus_at_20251211_174531.jpg,correct,0.703898,0.614769,frame_0084.png
20251212_135550,bus_at_20251211_175021.jpg,correct,0.677345,0.684711,frame_0080.png
20251212_135551,bus_at_20251211_175409.jpg,correct,0.581398,0.605228,frame_0071.png
20251212_135551,bus_at_20251211_180102.jpg,correct,0.657132,0.469015,frame_0079.png
20251212_135551,bus_at_20251211_180753.jpg,correct,0.629288,0.527191,frame_0071.png
20251212_135551,bus_at_20251211_180754.jpg,correct,0.622815,0.502112,frame_0084.png
20251212_135552,bus_at_20251211_180755.jpg,correct,0.633678,0.510848,frame_0084.png
20251212_135552,bus_at_20251211_181924.jpg,correct,0.657450,0.654496,frame_0079.png
20251212_135552,bus_at_20251211_182252.jpg,correct,0.661903,0.445526,frame_0080.png
20251212_135553,bus_at_20251211_182253.jpg,correct,0.678348,0.488532,frame_0080.png
20251212_135553,bus_at_20251211_182254.jpg,correct,0.643176,0.587531,frame_0084.png
20251212_135553,bus_at_20251211_182419.jpg,correct,0.745927,0.637171,frame_0084.png
20251212_135553,bus_at_20251211_182420.jpg,correct,0.781369,0.695744,frame_0084.png
20251212_135554,bus_at_20251211_182421.jpg,correct,0.781308,0.757195,frame_0084.png
20251212_135554,bus_at_20251211_182422.jpg,correct,0.649931,0.672536,frame_0079.png
20251212_135554,bus_at_20251211_182423.jpg,correct,0.609210,0.501773,frame_0071.png
20251212_135555,bus_at_20251211_182424.jpg,false,0.617237,0.340323,frame_0071.png
20251212_135555,bus_at_20251211_183228.jpg,correct,0.664299,0.523794,frame_0066.png
20251212_135555,bus_at_20251211_183229.jpg,correct,0.642849,0.599220,frame_0084.png
20251212_135555,bus_at_20251211_183230.jpg,correct,0.728107,0.649235,frame_0084.png
20251212_135556,bus_at_20251211_183231.jpg,correct,0.737673,0.702129,frame_0071.png
20251212_135556,bus_at_20251211_183232.jpg,correct,0.727824,0.737255,frame_0071.png
20251212_135556,bus_at_20251211_183236.jpg,correct,0.679464,0.733450,frame_0079.png
20251212_135557,bus_at_20251211_183238.jpg,correct,0.705503,0.717241,frame_0084.png
20251212_135557,bus_at_20251211_183240.jpg,correct,0.730542,0.718000,frame_0084.png
20251212_135557,bus_at_20251211_184724.jpg,correct,0.629538,0.557961,frame_0079.png
20251212_135557,bus_at_20251211_184725.jpg,correct,0.654219,0.612717,frame_0071.png
20251212_135558,bus_at_20251211_184726.jpg,correct,0.728849,0.688030,frame_0080.png
20251212_135558,bus_at_20251211_184727.jpg,correct,0.733683,0.642934,frame_0071.png
20251212_135558,bus_at_20251211_184728.jpg,correct,0.730163,0.594475,frame_0079.png
20251212_135559,bus_at_20251211_185224.jpg,correct,0.633304,0.500955,frame_0071.png
20251212_135559,bus_at_20251211_185225.jpg,correct,0.618963,0.681599,frame_0071.png
20251212_135559,bus_at_20251211_190113.jpg,correct,0.610116,0.607433,frame_0071.png
20251212_135559,bus_at_20251211_190259.jpg,correct,0.640178,0.497334,frame_0079.png
20251212_135600,bus_at_20251211_190721.jpg,correct,0.580089,0.497334,frame_0079.png
20251212_135600,bus_at_20251211_191513.jpg,correct,0.555744,0.497334,frame_0071.png
20251212_135600,bus_at_20251211_192019.jpg,correct,0.571734,0.497334,frame_0071.png
20251212_135601,bus_at_20251211_192905.jpg,correct,0.572258,0.497334,frame_0079.png
20251212_135601,bus_at_20251211_192907.jpg,correct,0.572385,0.497334,frame_0071.png
20251212_135601,bus_at_20251211_194818.jpg,correct,0.593626,0.497334,frame_0079.png
20251212_135601,bus_at_20251211_194819.jpg,correct,0.580542,0.497334,frame_0079.png
20251212_135602,bus_at_20251211_195405.jpg,correct,0.530938,0.497334,frame_0071.png
20251212_135602,bus_at_20251211_195406.jpg,correct,0.586271,0.497334,frame_0071.png
20251212_135602,bus_at_20251211_195407.jpg,correct,0.631979,0.497334,frame_0079.png
20251212_135603,bus_at_20251211_195408.jpg,correct,0.636006,0.497334,frame_0079.png
20251212_135603,bus_at_20251211_195412.jpg,correct,0.531188,0.497334,frame_0071.png
20251212_135603,bus_at_20251211_195413.jpg,correct,0.638189,0.497334,frame_0071.png
20251212_135603,bus_at_20251211_195414.jpg,correct,0.635136,0.497334,frame_0071.png
20251212_135604,bus_at_20251211_195852.jpg,correct,0.603516,0.497334,frame_0071.png
20251212_135604,bus_at_20251211_195853.jpg,correct,0.618157,0.497334,frame_0071.png
20251212_135604,bus_at_20251211_195854.jpg,correct,0.650196,0.497334,frame_0079.png
20251212_135605,bus_at_20251211_201454.jpg,correct,0.572616,0.497334,frame_0071.png
20251212_140557,bus_at_20251211_130337.jpg,false,0.692422,0.301021,frame_0071.png
20251212_140558,bus_at_20251211_130604.jpg,false,0.630761,0.299145,frame_0066.png
20251212_140558,bus_at_20251211_131731.jpg,correct,0.660690,0.427552,frame_0071.png
20251212_140558,bus_at_20251211_131732.jpg,correct,0.661754,0.407979,frame_0084.png
20251212_140558,bus_at_20251211_131733.jpg,correct,0.648145,0.431881,frame_0079.png
20251212_140559,bus_at_20251211_131828.jpg,correct,0.675195,0.553370,frame_0079.png
20251212_140559,bus_at_20251211_131830.jpg,correct,0.622851,0.476258,frame_0071.png
20251212_140559,bus_at_20251211_132056.jpg,false,0.750686,0.270467,frame_0084.png
20251212_140600,bus_at_20251211_132057.jpg,false,0.692891,0.310382,frame_0071.png
20251212_140600,bus_at_20251211_132058.jpg,false,0.649538,0.336354,frame_0079.png
20251212_140600,bus_at_20251211_132059.jpg,correct,0.606858,0.413484,frame_0071.png
20251212_140601,bus_at_20251211_132100.jpg,correct,0.649285,0.444298,frame_0071.png
20251212_140601,bus_at_20251211_132101.jpg,false,0.586103,0.351058,frame_0066.png
20251212_140601,bus_at_20251211_132114.jpg,false,0.640585,0.253249,frame_0079.png
20251212_140602,bus_at_20251211_132501.jpg,correct,0.664453,0.428621,frame_0071.png
20251212_140602,bus_at_20251211_132502.jpg,false,0.673244,0.370337,frame_0079.png
20251212_140602,bus_at_20251211_133349.jpg,false,0.737544,0.259276,frame_0047.png
20251212_140603,bus_at_20251211_133350.jpg,false,0.703866,0.181055,frame_0079.png
20251212_140603,bus_at_20251211_133351.jpg,false,0.703866,0.181055,frame_0079.png
20251212_140604,bus_at_20251211_133757.jpg,false,0.637085,0.389396,frame_0084.png
20251212_140604,bus_at_20251211_133758.jpg,correct,0.604077,0.507355,frame_0066.png
20251212_140604,bus_at_20251211_135132.jpg,false,0.667136,0.341008,frame_0071.png
20251212_140604,bus_at_20251211_135133.jpg,false,0.735318,0.305487,frame_0071.png
20251212_140605,bus_at_20251211_135134.jpg,false,0.744995,0.226380,frame_0071.png
20251212_140605,bus_at_20251211_135258.jpg,correct,0.660577,0.408057,frame_0071.png
20251212_140605,bus_at_20251211_135259.jpg,false,0.589934,0.294671,frame_0047.png
20251212_140606,bus_at_20251211_135300.jpg,false,0.729757,0.288725,frame_0071.png
20251212_140606,bus_at_20251211_135301.jpg,false,0.745142,0.260478,frame_0079.png
20251212_140606,bus_at_20251211_135302.jpg,false,0.736537,0.226565,frame_0071.png
20251212_140606,bus_at_20251211_142924.jpg,false,0.641663,0.209290,frame_0084.png
20251212_140607,bus_at_20251211_142925.jpg,false,0.641663,0.209290,frame_0084.png
20251212_140607,bus_at_20251211_143302.jpg,false,0.740475,0.196840,frame_0084.png
20251212_140608,bus_at_20251211_143303.jpg,false,0.670173,0.219750,frame_0079.png
20251212_140608,bus_at_20251211_143304.jpg,correct,0.604791,0.466966,frame_0066.png
20251212_140608,bus_at_20251211_143305.jpg,correct,0.606248,0.570190,frame_0071.png
20251212_140609,bus_at_20251211_143735.jpg,false,0.621381,0.376059,frame_0079.png
20251212_140609,bus_at_20251211_143736.jpg,correct,0.609046,0.427060,frame_0079.png
20251212_140609,bus_at_20251211_151054.jpg,correct,0.639478,0.444055,frame_0079.png
20251212_140609,bus_at_20251211_151316.jpg,false,0.622511,0.128144,frame_0079.png
20251212_140610,bus_at_20251211_151556.jpg,correct,0.638992,0.516741,frame_0079.png
20251212_140610,bus_at_20251211_151713.jpg,false,0.606512,0.346411,frame_0079.png
20251212_140610,bus_at_20251211_151714.jpg,false,0.628670,0.289032,frame_0079.png
20251212_140611,bus_at_20251211_153110.jpg,correct,0.624769,0.427526,frame_0079.png
20251212_140611,bus_at_20251211_160746.jpg,correct,0.601784,0.479372,frame_0079.png
20251212_140611,bus_at_20251211_161715.jpg,correct,0.722299,0.646013,frame_0079.png
20251212_140612,bus_at_20251211_161717.jpg,correct,0.694734,0.586263,frame_0079.png
20251212_140612,bus_at_20251211_162648.jpg,correct,0.669610,0.621627,frame_0079.png
20251212_140612,bus_at_20251211_163409.jpg,correct,0.628264,0.579561,frame_0047.png
20251212_140613,bus_at_20251211_163410.jpg,correct,0.628383,0.593392,frame_0071.png
20251212_140613,bus_at_20251211_163501.jpg,correct,0.630283,0.745021,frame_0079.png
20251212_140613,bus_at_20251211_164007.jpg,correct,0.669090,0.600005,frame_0094.png
20251212_140614,bus_at_20251211_164008.jpg,correct,0.699990,0.541899,frame_0079.png
20251212_140614,bus_at_20251211_164053.jpg,correct,0.665387,0.637403,frame_0079.png
20251212_140614,bus_at_20251211_164652.jpg,false,0.639866,0.273011,frame_0079.png
20251212_140615,bus_at_20251211_164656.jpg,false,0.587848,0.351277,frame_0071.png
20251212_140615,bus_at_20251211_165102.jpg,correct,0.613924,0.422804,frame_0071.png
20251212_140615,bus_at_20251211_165456.jpg,correct,0.735219,0.664906,frame_0079.png
20251212_140616,bus_at_20251211_165457.jpg,correct,0.742012,0.614404,frame_0079.png
20251212_140616,bus_at_20251211_165458.jpg,correct,0.671108,0.535577,frame_0084.png
20251212_140616,bus_at_20251211_165459.jpg,correct,0.645178,0.466589,frame_0084.png
20251212_140617,bus_at_20251211_165500.jpg,correct,0.725439,0.414190,frame_0079.png
20251212_140617,bus_at_20251211_170302.jpg,correct,0.658948,0.478820,frame_0079.png
20251212_140618,bus_at_20251211_170324.jpg,correct,0.620094,0.417515,frame_0071.png
20251212_140618,bus_at_20251211_170325.jpg,correct,0.660870,0.497754,frame_0079.png
20251212_140619,bus_at_20251211_170326.jpg,correct,0.758066,0.683456,frame_0079.png
20251212_140619,bus_at_20251211_170327.jpg,correct,0.739495,0.506769,frame_0079.png
20251212_140620,bus_at_20251211_170328.jpg,correct,0.662913,0.530622,frame_0079.png
20251212_140620,bus_at_20251211_170329.jpg,correct,0.656791,0.603255,frame_0071.png
20251212_140620,bus_at_20251211_170330.jpg,correct,0.671000,0.457429,frame_0071.png
20251212_140621,bus_at_20251211_170334.jpg,correct,0.645115,0.547248,frame_0079.png
20251212_140621,bus_at_20251211_170335.jpg,correct,0.659944,0.594604,frame_0079.png
20251212_140621,bus_at_20251211_170336.jpg,correct,0.671441,0.594809,frame_0079.png
20251212_140622,bus_at_20251211_170337.jpg,false,0.638395,0.296379,frame_0079.png
20251212_140622,bus_at_20251211_170624.jpg,false,0.658280,0.359095,frame_0071.png
20251212_140623,bus_at_20251211_170749.jpg,correct,0.645453,0.410058,frame_0071.png
20251212_140623,bus_at_20251211_170927.jpg,correct,0.661290,0.582490,frame_0079.png
20251212_140623,bus_at_20251211_171142.jpg,correct,0.716568,0.663642,frame_0079.png
20251212_140624,bus_at_20251211_171143.jpg,correct,0.640023,0.514886,frame_0071.png
20251212_140624,bus_at_20251211_171144.jpg,false,0.589545,0.308509,frame_0071.png
20251212_140624,bus_at_20251211_171403.jpg,correct,0.623882,0.610787,frame_0079.png
20251212_140625,bus_at_20251211_171707.jpg,correct,0.654265,0.434996,frame_0071.png
20251212_140625,bus_at_20251211_171743.jpg,correct,0.632988,0.566463,frame_0079.png
20251212_140625,bus_at_20251211_172118.jpg,correct,0.753635,0.459964,frame_0084.png
20251212_140626,bus_at_20251211_172119.jpg,correct,0.757874,0.560739,frame_0084.png
20251212_140626,bus_at_20251211_172120.jpg,correct,0.698534,0.585062,frame_0079.png
20251212_140626,bus_at_20251211_172121.jpg,correct,0.637590,0.531237,frame_0066.png
20251212_140627,bus_at_20251211_172122.jpg,correct,0.626882,0.401868,frame_0071.png
20251212_140627,bus_at_20251211_172252.jpg,correct,0.670587,0.543535,frame_0071.png
20251212_140627,bus_at_20251211_172253.jpg,correct,0.653965,0.617870,frame_0079.png
20251212_140628,bus_at_20251211_172254.jpg,correct,0.623632,0.437298,frame_0079.png
20251212_140628,bus_at_20251211_172420.jpg,correct,0.692685,0.572388,frame_0079.png
20251212_140628,bus_at_20251211_172900.jpg,correct,0.683830,0.790946,frame_0079.png
20251212_140629,bus_at_20251211_172908.jpg,false,0.654603,0.346430,frame_0079.png
20251212_140629,bus_at_20251211_173400.jpg,correct,0.739931,0.670096,frame_0084.png
20251212_140629,bus_at_20251211_173401.jpg,correct,0.755362,0.646959,frame_0084.png
20251212_140629,bus_at_20251211_173402.jpg,correct,0.745241,0.767798,frame_0084.png
20251212_140630,bus_at_20251211_173403.jpg,correct,0.707090,0.744495,frame_0079.png
20251212_140630,bus_at_20251211_173404.jpg,correct,0.735639,0.734799,frame_0079.png
20251212_140630,bus_at_20251211_173405.jpg,correct,0.725971,0.702605,frame_0079.png
20251212_140631,bus_at_20251211_173406.jpg,correct,0.709472,0.688280,frame_0079.png
20251212_140631,bus_at_20251211_173413.jpg,correct,0.605116,0.574376,frame_0079.png
20251212_140631,bus_at_20251211_173921.jpg,correct,0.681495,0.461722,frame_0079.png
20251212_140631,bus_at_20251211_173922.jpg,correct,0.710051,0.560930,frame_0079.png
20251212_140632,bus_at_20251211_173923.jpg,correct,0.702151,0.512052,frame_0079.png
20251212_140632,bus_at_20251211_173925.jpg,correct,0.706425,0.419048,frame_0079.png
20251212_140632,bus_at_20251211_173927.jpg,correct,0.651371,0.561526,frame_0079.png
20251212_140633,bus_at_20251211_174019.jpg,correct,0.692577,0.497208,frame_0079.png
20251212_140633,bus_at_20251211_174020.jpg,correct,0.714435,0.494875,frame_0079.png
20251212_140633,bus_at_20251211_174021.jpg,correct,0.668567,0.518115,frame_0079.png
20251212_140633,bus_at_20251211_174022.jpg,correct,0.672065,0.493396,frame_0079.png
20251212_140634,bus_at_20251211_174023.jpg,correct,0.687168,0.550719,frame_0079.png
20251212_140634,bus_at_20251211_174024.jpg,correct,0.647787,0.528885,frame_0079.png
20251212_140634,bus_at_20251211_174025.jpg,correct,0.677034,0.692502,frame_0079.png
20251212_140635,bus_at_20251211_174303.jpg,correct,0.695065,0.496769,frame_0084.png
20251212_140635,bus_at_20251211_174304.jpg,correct,0.752999,0.642165,frame_0084.png
20251212_140636,bus_at_20251211_174305.jpg,correct,0.755912,0.688450,frame_0084.png
20251212_140636,bus_at_20251211_174306.jpg,correct,0.763736,0.642920,frame_0079.png
20251212_140636,bus_at_20251211_174307.jpg,correct,0.754817,0.649668,frame_0079.png
20251212_140637,bus_at_20251211_174308.jpg,correct,0.722101,0.669821,frame_0079.png
20251212_140637,bus_at_20251211_174309.jpg,correct,0.721681,0.734370,frame_0079.png
20251212_140637,bus_at_20251211_174528.jpg,correct,0.662789,0.468726,frame_0071.png
20251212_140637,bus_at_20251211_174529.jpg,correct,0.676357,0.652126,frame_0094.png
20251212_140638,bus_at_20251211_174530.jpg,correct,0.704869,0.620433,frame_0084.png
20251212_140638,bus_at_20251211_174531.jpg,correct,0.703898,0.614769,frame_0084.png
20251212_140638,bus_at_20251211_175021.jpg,correct,0.677345,0.684711,frame_0080.png
20251212_140639,bus_at_20251211_175409.jpg,correct,0.581398,0.605228,frame_0071.png
20251212_140639,bus_at_20251211_180102.jpg,correct,0.657132,0.469015,frame_0079.png
20251212_140639,bus_at_20251211_180753.jpg,correct,0.629288,0.527191,frame_0071.png
20251212_140639,bus_at_20251211_180754.jpg,correct,0.622815,0.502112,frame_0084.png
20251212_140640,bus_at_20251211_180755.jpg,correct,0.633678,0.510848,frame_0084.png
20251212_140640,bus_at_20251211_181924.jpg,correct,0.657450,0.654496,frame_0079.png
20251212_140641,bus_at_20251211_182252.jpg,correct,0.661903,0.445526,frame_0080.png
20251212_140641,bus_at_20251211_182253.jpg,correct,0.678348,0.488532,frame_0080.png
20251212_140641,bus_at_20251211_182254.jpg,correct,0.643176,0.587531,frame_0084.png
20251212_140641,bus_at_20251211_182419.jpg,correct,0.745927,0.637171,frame_0084.png
20251212_140642,bus_at_20251211_182420.jpg,correct,0.781369,0.695744,frame_0084.png
20251212_140642,bus_at_20251211_182421.jpg,correct,0.781308,0.757195,frame_0084.png
20251212_140643,bus_at_20251211_182422.jpg,correct,0.649931,0.672536,frame_0079.png
20251212_140643,bus_at_20251211_182423.jpg,correct,0.609210,0.501773,frame_0071.png
20251212_140643,bus_at_20251211_182424.jpg,false,0.617237,0.340323,frame_0071.png
20251212_140644,bus_at_20251211_183228.jpg,correct,0.664299,0.523794,frame_0066.png
20251212_140644,bus_at_20251211_183229.jpg,correct,0.642849,0.599220,frame_0084.png
20251212_140644,bus_at_20251211_183230.jpg,correct,0.728107,0.649235,frame_0084.png
20251212_140644,bus_at_20251211_183231.jpg,correct,0.737673,0.702129,frame_0071.png
20251212_140645,bus_at_20251211_183232.jpg,correct,0.727824,0.737255,frame_0071.png
20251212_140645,bus_at_20251211_183236.jpg,correct,0.679464,0.733450,frame_0079.png
20251212_140646,bus_at_20251211_183238.jpg,correct,0.705503,0.717241,frame_0084.png
20251212_140646,bus_at_20251211_183240.jpg,correct,0.730542,0.718000,frame_0084.png
20251212_140646,bus_at_20251211_184724.jpg,correct,0.629538,0.557961,frame_0079.png
20251212_140647,bus_at_20251211_184725.jpg,correct,0.654219,0.612717,frame_0071.png
20251212_140647,bus_at_20251211_184726.jpg,correct,0.728849,0.688030,frame_0080.png
20251212_140647,bus_at_20251211_184727.jpg,correct,0.733683,0.642934,frame_0071.png
20251212_140648,bus_at_20251211_184728.jpg,correct,0.730163,0.594475,frame_0079.png
20251212_140648,bus_at_20251211_185224.jpg,correct,0.633304,0.500955,frame_0071.png
20251212_140649,bus_at_20251211_185225.jpg,correct,0.618963,0.681599,frame_0071.png
20251212_140649,bus_at_20251211_190113.jpg,correct,0.610116,0.607433,frame_0071.png
20251212_140649,bus_at_20251211_190259.jpg,correct,0.640178,0.497334,frame_0079.png
20251212_140650,bus_at_20251211_190721.jpg,correct,0.580089,0.497334,frame_0079.png
20251212_140650,bus_at_20251211_191513.jpg,correct,0.555744,0.497334,frame_0071.png
20251212_140650,bus_at_20251211_192019.jpg,correct,0.571734,0.497334,frame_0071.png
20251212_140651,bus_at_20251211_192905.jpg,correct,0.572258,0.497334,frame_0079.png
20251212_140651,bus_at_20251211_192907.jpg,correct,0.572385,0.497334,frame_0071.png
20251212_140651,bus_at_20251211_194818.jpg,correct,0.593626,0.497334,frame_0079.png
20251212_140651,bus_at_20251211_194819.jpg,correct,0.580542,0.497334,frame_0079.png
20251212_140652,bus_at_20251211_195405.jpg,correct,0.530938,0.497334,frame_0071.png
20251212_140652,bus_at_20251211_195406.jpg,correct,0.586271,0.497334,frame_0071.png
20251212_140652,bus_at_20251211_195407.jpg,correct,0.631979,0.497334,frame_0079.png
20251212_140653,bus_at_20251211_195408.jpg,correct,0.636006,0.497334,frame_0079.png
20251212_140653,bus_at_20251211_195412.jpg,correct,0.531188,0.497334,frame_0071.png
20251212_140653,bus_at_20251211_195413.jpg,correct,0.638189,0.497334,frame_0071.png
20251212_140654,bus_at_20251211_195414.jpg,correct,0.635136,0.497334,frame_0071.png
20251212_140654,bus_at_20251211_195852.jpg,correct,0.603516,0.497334,frame_0071.png
20251212_140654,bus_at_20251211_195853.jpg,correct,0.618157,0.497334,frame_0071.png
20251212_140655,bus_at_20251211_195854.jpg,correct,0.650196,0.497334,frame_0079.png
20251212_140655,bus_at_20251211_201454.jpg,correct,0.572616,0.497334,frame_0071.png
20251212_140840,bus_at_20251211_170302.jpg,correct,0.658948,0.478820,frame_0079.png
20251212_140840,bus_at_20251211_170325.jpg,correct,0.660870,0.497754,frame_0079.png
20251212_140841,bus_at_20251211_171403.jpg,correct,0.623882,0.610787,frame_0079.png
20251212_140841,bus_at_20251211_172254.jpg,correct,0.623632,0.437298,frame_0079.png
20251212_140841,bus_at_20251211_173402.jpg,correct,0.745241,0.767798,frame_0084.png
20251212_140841,bus_at_20251211_173405.jpg,correct,0.725971,0.702605,frame_0079.png
20251212_140842,bus_at_20251211_173413.jpg,correct,0.605116,0.574376,frame_0079.png
20251212_140842,bus_at_20251211_173925.jpg,correct,0.706425,0.419048,frame_0079.png
20251212_140842,bus_at_20251211_174019.jpg,correct,0.692577,0.497208,frame_0079.png
20251212_140842,bus_at_20251211_174022.jpg,correct,0.672065,0.493396,frame_0079.png
20251212_140843,bus_at_20251211_174308.jpg,correct,0.722101,0.669821,frame_0079.png
20251212_140843,bus_at_20251211_174529.jpg,correct,0.676357,0.652126,frame_0094.png
20251212_140843,bus_at_20251211_174531.jpg,correct,0.703898,0.614769,frame_0084.png
20251212_140844,bus_at_20251211_184725.jpg,correct,0.654219,0.612717,frame_0071.png
20251212_140844,bus_at_20251211_184726.jpg,correct,0.728849,0.688030,frame_0080.png
20251212_140844,bus_at_20251211_191513.jpg,correct,0.555744,0.497334,frame_0071.png
20251212_151356,bus_at_20251211_130337.jpg,false,0.692422,0.301021,frame_0071.png
20251212_151356,bus_at_20251211_130604.jpg,false,0.630761,0.299145,frame_0066.png
20251212_151356,bus_at_20251211_131731.jpg,correct,0.660690,0.427552,frame_0071.png
20251212_151356,bus_at_20251211_131732.jpg,correct,0.661754,0.407979,frame_0084.png
20251212_151357,bus_at_20251211_131733.jpg,correct,0.648145,0.431881,frame_0079.png
20251212_151357,bus_at_20251211_131828.jpg,correct,0.675195,0.553370,frame_0079.png
20251212_151357,bus_at_20251211_131830.jpg,correct,0.622851,0.476258,frame_0071.png
20251212_151358,bus_at_20251211_132056.jpg,false,0.750686,0.270467,frame_0084.png
20251212_151358,bus_at_20251211_132057.jpg,false,0.692891,0.310382,frame_0071.png
20251212_151358,bus_at_20251211_132058.jpg,false,0.649538,0.336354,frame_0079.png
20251212_151358,bus_at_20251211_132059.jpg,correct,0.606858,0.413484,frame_0071.png
20251212_151359,bus_at_20251211_132100.jpg,correct,0.649285,0.444298,frame_0071.png
20251212_151359,bus_at_20251211_132101.jpg,false,0.586103,0.351058,frame_0066.png
20251212_151400,bus_at_20251211_132114.jpg,false,0.640585,0.253249,frame_0079.png
20251212_151400,bus_at_20251211_132501.jpg,correct,0.664453,0.428621,frame_0071.png
20251212_151400,bus_at_20251211_132502.jpg,false,0.673244,0.370337,frame_0079.png
20251212_151400,bus_at_20251211_133349.jpg,false,0.737544,0.259276,frame_0047.png
20251212_151401,bus_at_20251211_133350.jpg,false,0.703866,0.181055,frame_0079.png
20251212_151401,bus_at_20251211_133351.jpg,false,0.703866,0.181055,frame_0079.png
20251212_151401,bus_at_20251211_133757.jpg,false,0.637085,0.389396,frame_0084.png
20251212_151401,bus_at_20251211_133758.jpg,correct,0.604077,0.507355,frame_0066.png
20251212_151402,bus_at_20251211_135132.jpg,false,0.667136,0.341008,frame_0071.png
20251212_151402,bus_at_20251211_135133.jpg,false,0.735318,0.305487,frame_0071.png
20251212_151402,bus_at_20251211_135134.jpg,false,0.744995,0.226380,frame_0071.png
20251212_151403,bus_at_20251211_135258.jpg,correct,0.660577,0.408057,frame_0071.png
20251212_151403,bus_at_20251211_135259.jpg,false,0.589934,0.294671,frame_0047.png
20251212_151403,bus_at_20251211_135300.jpg,false,0.729757,0.288725,frame_0071.png
20251212_151403,bus_at_20251211_135301.jpg,false,0.745142,0.260478,frame_0079.png
20251212_151404,bus_at_20251211_135302.jpg,false,0.736537,0.226565,frame_0071.png
20251212_151404,bus_at_20251211_142924.jpg,false,0.641663,0.209290,frame_0084.png
20251212_151404,bus_at_20251211_142925.jpg,false,0.641663,0.209290,frame_0084.png
20251212_151405,bus_at_20251211_143302.jpg,false,0.740475,0.196840,frame_0084.png
20251212_151405,bus_at_20251211_143303.jpg,false,0.670173,0.219750,frame_0079.png
20251212_151405,bus_at_20251211_143304.jpg,correct,0.604791,0.466966,frame_0066.png
20251212_151405,bus_at_20251211_143305.jpg,correct,0.606248,0.570190,frame_0071.png
20251212_151406,bus_at_20251211_143735.jpg,false,0.621381,0.376059,frame_0079.png
20251212_151406,bus_at_20251211_143736.jpg,correct,0.609046,0.427060,frame_0079.png
20251212_151406,bus_at_20251211_151054.jpg,correct,0.639478,0.444055,frame_0079.png
20251212_151406,bus_at_20251211_151316.jpg,false,0.622511,0.128144,frame_0079.png
20251212_151407,bus_at_20251211_151556.jpg,correct,0.638992,0.516741,frame_0079.png
20251212_151407,bus_at_20251211_151713.jpg,false,0.606512,0.346411,frame_0079.png
20251212_151407,bus_at_20251211_151714.jpg,false,0.628670,0.289032,frame_0079.png
20251212_151408,bus_at_20251211_153110.jpg,correct,0.624769,0.427526,frame_0079.png
20251212_151408,bus_at_20251211_160746.jpg,correct,0.601784,0.479372,frame_0079.png
20251212_151408,bus_at_20251211_161715.jpg,correct,0.722299,0.646013,frame_0079.png
20251212_151408,bus_at_20251211_161717.jpg,correct,0.694734,0.586263,frame_0079.png
20251212_151409,bus_at_20251211_162648.jpg,correct,0.669610,0.621627,frame_0079.png
20251212_151409,bus_at_20251211_163409.jpg,correct,0.628264,0.579561,frame_0047.png
20251212_151409,bus_at_20251211_163410.jpg,correct,0.628383,0.593392,frame_0071.png
20251212_151409,bus_at_20251211_163501.jpg,correct,0.630283,0.745021,frame_0079.png
20251212_151410,bus_at_20251211_164007.jpg,correct,0.669090,0.600005,frame_0094.png
20251212_151410,bus_at_20251211_164008.jpg,correct,0.699990,0.541899,frame_0079.png
20251212_151410,bus_at_20251211_164053.jpg,correct,0.665387,0.637403,frame_0079.png
20251212_151410,bus_at_20251211_164652.jpg,false,0.639866,0.273011,frame_0079.png
20251212_151411,bus_at_20251211_164656.jpg,false,0.587848,0.351277,frame_0071.png
20251212_151411,bus_at_20251211_165102.jpg,correct,0.613924,0.422804,frame_0071.png
20251212_151411,bus_at_20251211_165456.jpg,correct,0.735219,0.664906,frame_0079.png
20251212_151412,bus_at_20251211_165457.jpg,correct,0.742012,0.614404,frame_0079.png
20251212_151412,bus_at_20251211_165458.jpg,correct,0.671108,0.535577,frame_0084.png
20251212_151412,bus_at_20251211_165459.jpg,correct,0.645178,0.466589,frame_0084.png
20251212_151412,bus_at_20251211_165500.jpg,correct,0.725439,0.414190,frame_0079.png
20251212_151413,bus_at_20251211_170302.jpg,correct,0.658948,0.478820,frame_0079.png
20251212_151413,bus_at_20251211_170324.jpg,correct,0.620094,0.417515,frame_0071.png
20251212_151413,bus_at_20251211_170325.jpg,correct,0.660870,0.497754,frame_0079.png
20251212_151414,bus_at_20251211_170326.jpg,correct,0.758066,0.683456,frame_0079.png
20251212_151414,bus_at_20251211_170327.jpg,correct,0.739495,0.506769,frame_0079.png
20251212_151414,bus_at_20251211_170328.jpg,correct,0.662913,0.530622,frame_0079.png
20251212_151414,bus_at_20251211_170329.jpg,correct,0.656791,0.603255,frame_0071.png
20251212_151415,bus_at_20251211_170330.jpg,correct,0.671000,0.457429,frame_0071.png
20251212_151415,bus_at_20251211_170334.jpg,correct,0.645115,0.547248,frame_0079.png
20251212_151415,bus_at_20251211_170335.jpg,correct,0.659944,0.594604,frame_0079.png
20251212_151415,bus_at_20251211_170336.jpg,correct,0.671441,0.594809,frame_0079.png
20251212_151416,bus_at_20251211_170337.jpg,false,0.638395,0.296379,frame_0079.png
20251212_151416,bus_at_20251211_170624.jpg,false,0.658280,0.359095,frame_0071.png
20251212_151416,bus_at_20251211_170749.jpg,correct,0.645453,0.410058,frame_0071.png
20251212_151416,bus_at_20251211_170927.jpg,correct,0.661290,0.582490,frame_0079.png
20251212_151417,bus_at_20251211_171142.jpg,correct,0.716568,0.663642,frame_0079.png
20251212_151417,bus_at_20251211_171143.jpg,correct,0.640023,0.514886,frame_0071.png
20251212_151417,bus_at_20251211_171144.jpg,false,0.589545,0.308509,frame_0071.png
20251212_151418,bus_at_20251211_171403.jpg,correct,0.623882,0.610787,frame_0079.png
20251212_151418,bus_at_20251211_171707.jpg,correct,0.654265,0.434996,frame_0071.png
20251212_151418,bus_at_20251211_171743.jpg,correct,0.632988,0.566463,frame_0079.png
20251212_151418,bus_at_20251211_172118.jpg,correct,0.753635,0.459964,frame_0084.png
20251212_151419,bus_at_20251211_172119.jpg,correct,0.757874,0.560739,frame_0084.png
20251212_151419,bus_at_20251211_172120.jpg,correct,0.698534,0.585062,frame_0079.png
20251212_151419,bus_at_20251211_172121.jpg,correct,0.637590,0.531237,frame_0066.png
20251212_151419,bus_at_20251211_172122.jpg,correct,0.626882,0.401868,frame_0071.png
20251212_151420,bus_at_20251211_172252.jpg,correct,0.670587,0.543535,frame_0071.png
20251212_151420,bus_at_20251211_172253.jpg,correct,0.653965,0.617870,frame_0079.png
20251212_151420,bus_at_20251211_172254.jpg,correct,0.623632,0.437298,frame_0079.png
20251212_151420,bus_at_20251211_172420.jpg,correct,0.692685,0.572388,frame_0079.png
20251212_151421,bus_at_20251211_172900.jpg,correct,0.683830,0.790946,frame_0079.png
20251212_151421,bus_at_20251211_172908.jpg,false,0.654603,0.346430,frame_0079.png
20251212_151421,bus_at_20251211_173400.jpg,correct,0.739931,0.670096,frame_0084.png
20251212_151422,bus_at_20251211_173401.jpg,correct,0.755362,0.646959,frame_0084.png
20251212_151422,bus_at_20251211_173402.jpg,correct,0.745241,0.767798,frame_0084.png
20251212_151422,bus_at_20251211_173403.jpg,correct,0.707090,0.744495,frame_0079.png
20251212_151422,bus_at_20251211_173404.jpg,correct,0.735639,0.734799,frame_0079.png
20251212_151423,bus_at_20251211_173405.jpg,correct,0.725971,0.702605,frame_0079.png
20251212_151423,bus_at_20251211_173406.jpg,correct,0.709472,0.688280,frame_0079.png
20251212_151423,bus_at_20251211_173413.jpg,correct,0.605116,0.574376,frame_0079.png
20251212_151423,bus_at_20251211_173921.jpg,correct,0.681495,0.461722,frame_0079.png
20251212_151424,bus_at_20251211_173922.jpg,correct,0.710051,0.560930,frame_0079.png
20251212_151424,bus_at_20251211_173923.jpg,correct,0.702151,0.512052,frame_0079.png
20251212_151424,bus_at_20251211_173925.jpg,correct,0.706425,0.419048,frame_0079.png
20251212_151425,bus_at_20251211_173927.jpg,correct,0.651371,0.561526,frame_0079.png
20251212_151425,bus_at_20251211_174019.jpg,correct,0.692577,0.497208,frame_0079.png
20251212_151425,bus_at_20251211_174020.jpg,correct,0.714435,0.494875,frame_0079.png
20251212_151425,bus_at_20251211_174021.jpg,correct,0.668567,0.518115,frame_0079.png
20251212_151426,bus_at_20251211_174022.jpg,correct,0.672065,0.493396,frame_0079.png
20251212_151426,bus_at_20251211_174023.jpg,correct,0.687168,0.550719,frame_0079.png
20251212_151426,bus_at_20251211_174024.jpg,correct,0.647787,0.528885,frame_0079.png
20251212_151426,bus_at_20251211_174025.jpg,correct,0.677034,0.692502,frame_0079.png
20251212_151427,bus_at_20251211_174303.jpg,correct,0.695065,0.496769,frame_0084.png
20251212_151427,bus_at_20251211_174304.jpg,correct,0.752999,0.642165,frame_0084.png
20251212_151427,bus_at_20251211_174305.jpg,correct,0.755912,0.688450,frame_0084.png
20251212_151428,bus_at_20251211_174306.jpg,correct,0.763736,0.642920,frame_0079.png
20251212_151428,bus_at_20251211_174307.jpg,correct,0.754817,0.649668,frame_0079.png
20251212_151428,bus_at_20251211_174308.jpg,correct,0.722101,0.669821,frame_0079.png
20251212_151428,bus_at_20251211_174309.jpg,correct,0.721681,0.734370,frame_0079.png
20251212_151429,bus_at_20251211_174528.jpg,correct,0.662789,0.468726,frame_0071.png
20251212_151429,bus_at_20251211_174529.jpg,correct,0.676357,0.652126,frame_0094.png
20251212_151429,bus_at_20251211_174530.jpg,correct,0.704869,0.620433,frame_0084.png
20251212_151430,bus_at_20251211_174531.jpg,correct,0.703898,0.614769,frame_0084.png
20251212_151430,bus_at_20251211_175021.jpg,correct,0.677345,0.684711,frame_0080.png
20251212_151430,bus_at_20251211_175409.jpg,correct,0.581398,0.605228,frame_0071.png
20251212_151430,bus_at_20251211_180102.jpg,correct,0.657132,0.469015,frame_0079.png
20251212_151431,bus_at_20251211_180753.jpg,correct,0.629288,0.527191,frame_0071.png
20251212_151431,bus_at_20251211_180754.jpg,correct,0.622815,0.502112,frame_0084.png
20251212_151431,bus_at_20251211_180755.jpg,correct,0.633678,0.510848,frame_0084.png
20251212_151431,bus_at_20251211_181924.jpg,correct,0.657450,0.654496,frame_0079.png
20251212_151432,bus_at_20251211_182252.jpg,correct,0.661903,0.445526,frame_0080.png
20251212_151432,bus_at_20251211_182253.jpg,correct,0.678348,0.488532,frame_0080.png
20251212_151432,bus_at_20251211_182254.jpg,correct,0.643176,0.587531,frame_0084.png
20251212_151433,bus_at_20251211_182419.jpg,correct,0.745927,0.637171,frame_0084.png
20251212_151433,bus_at_20251211_182420.jpg,correct,0.781369,0.695744,frame_0084.png
20251212_151433,bus_at_20251211_182421.jpg,correct,0.781308,0.757195,frame_0084.png
20251212_151433,bus_at_20251211_182422.jpg,correct,0.649931,0.672536,frame_0079.png
20251212_151434,bus_at_20251211_182423.jpg,correct,0.609210,0.501773,frame_0071.png
20251212_151434,bus_at_20251211_182424.jpg,false,0.617237,0.340323,frame_0071.png
20251212_151434,bus_at_20251211_183228.jpg,correct,0.664299,0.523794,frame_0066.png
20251212_151435,bus_at_20251211_183229.jpg,correct,0.642849,0.599220,frame_0084.png
20251212_151435,bus_at_20251211_183230.jpg,correct,0.728107,0.649235,frame_0084.png
20251212_151435,bus_at_20251211_183231.jpg,correct,0.737673,0.702129,frame_0071.png
20251212_151435,bus_at_20251211_183232.jpg,correct,0.727824,0.737255,frame_0071.png
20251212_151436,bus_at_20251211_183236.jpg,correct,0.679464,0.733450,frame_0079.png
20251212_151436,bus_at_20251211_183238.jpg,correct,0.705503,0.717241,frame_0084.png
20251212_151436,bus_at_20251211_183240.jpg,correct,0.730542,0.718000,frame_0084.png
20251212_151437,bus_at_20251211_184724.jpg,correct,0.629538,0.557961,frame_0079.png
20251212_151437,bus_at_20251211_184725.jpg,correct,0.654219,0.612717,frame_0071.png
20251212_151437,bus_at_20251211_184726.jpg,correct,0.728849,0.688030,frame_0080.png
20251212_152013,bus_at_20251211_165458.jpg,correct,0.671108,0.535577,frame_0084.png
20251212_152013,bus_at_20251211_165459.jpg,correct,0.645178,0.466589,frame_0084.png
20251212_152013,bus_at_20251211_170302.jpg,correct,0.658948,0.478820,frame_0079.png
20251212_152013,bus_at_20251211_170324.jpg,correct,0.620094,0.417515,frame_0071.png
20251212_152014,bus_at_20251211_170326.jpg,correct,0.758066,0.683456,frame_0079.png
20251212_152014,bus_at_20251211_170327.jpg,correct,0.739495,0.506769,frame_0079.png
20251212_152014,bus_at_20251211_170328.jpg,correct,0.662913,0.530622,frame_0079.png
20251212_152014,bus_at_20251211_173403.jpg,correct,0.707090,0.744495,frame_0079.png
20251212_152015,bus_at_20251211_173405.jpg,correct,0.725971,0.702605,frame_0079.png
20251212_152015,bus_at_20251211_173406.jpg,correct,0.709472,0.688280,frame_0079.png
20251212_152015,bus_at_20251211_173413.jpg,correct,0.605116,0.574376,frame_0079.png
20251212_152016,bus_at_20251211_173925.jpg,correct,0.706425,0.419048,frame_0079.png
20251212_152016,bus_at_20251211_174019.jpg,correct,0.692577,0.497208,frame_0079.png
20251212_152016,bus_at_20251211_174021.jpg,correct,0.668567,0.518115,frame_0079.png
20251212_152016,bus_at_20251211_174023.jpg,correct,0.687168,0.550719,frame_0079.png
20251212_152017,bus_at_20251211_174024.jpg,correct,0.647787,0.528885,frame_0079.png
20251212_152017,bus_at_20251211_174306.jpg,correct,0.763736,0.642920,frame_0079.png
20251212_152017,bus_at_20251211_174528.jpg,correct,0.662789,0.468726,frame_0071.png
20251212_152017,bus_at_20251211_174529.jpg,correct,0.676357,0.652126,frame_0094.png
20251212_152018,bus_at_20251211_174531.jpg,correct,0.703898,0.614769,frame_0084.png
20251212_152018,bus_at_20251211_183232.jpg,correct,0.727824,0.737255,frame_0071.png
20251212_152018,bus_at_20251211_183240.jpg,correct,0.730542,0.718000,frame_0084.png
20251212_152019,bus_at_20251211_184725.jpg,correct,0.654219,0.612717,frame_0071.png
20251212_152019,bus_at_20251211_184727.jpg,correct,0.733683,0.642934,frame_0071.png
20251212_152019,bus_at_20251211_184728.jpg,correct,0.730163,0.594475,frame_0079.png
20251212_152019,bus_at_20251211_185224.jpg,correct,0.633304,0.500955,frame_0071.png
20251212_152020,bus_at_20251211_185225.jpg,correct,0.618963,0.681599,frame_0071.png
20251212_152020,bus_at_20251211_190113.jpg,correct,0.610116,0.607433,frame_0071.png
20251212_152020,bus_at_20251211_190259.jpg,correct,0.640178,0.497334,frame_0079.png
20251212_152020,bus_at_20251211_190721.jpg,correct,0.580089,0.497334,frame_0079.png
20251212_152021,bus_at_20251211_191513.jpg,correct,0.555744,0.497334,frame_0071.png
20251212_152021,bus_at_20251211_192019.jpg,correct,0.571734,0.497334,frame_0071.png
20251212_152021,bus_at_20251211_192905.jpg,correct,0.572258,0.497334,frame_0079.png
20251212_152022,bus_at_20251211_192907.jpg,correct,0.572385,0.497334,frame_0071.png
20251212_152022,bus_at_20251211_194818.jpg,correct,0.593626,0.497334,frame_0079.png
20251212_152022,bus_at_20251211_194819.jpg,correct,0.580542,0.497334,frame_0079.png
20251212_152022,bus_at_20251211_195405.jpg,correct,0.530938,0.497334,frame_0071.png
20251212_152023,bus_at_20251211_195406.jpg,correct,0.586271,0.497334,frame_0071.png
20251212_152023,bus_at_20251211_195407.jpg,correct,0.631979,0.497334,frame_0079.png
20251212_152023,bus_at_20251211_195408.jpg,correct,0.636006,0.497334,frame_0079.png
20251212_152024,bus_at_20251211_195412.jpg,correct,0.531188,0.497334,frame_0071.png
20251212_152024,bus_at_20251211_195413.jpg,correct,0.638189,0.497334,frame_0071.png
20251212_152024,bus_at_20251211_195414.jpg,correct,0.635136,0.497334,frame_0071.png
20251212_152024,bus_at_20251211_195852.jpg,correct,0.603516,0.497334,frame_0071.png
20251212_152025,bus_at_20251211_195853.jpg,correct,0.618157,0.497334,frame_0071.png
20251212_152025,bus_at_20251211_195854.jpg,correct,0.650196,0.497334,frame_0079.png
20251212_152025,bus_at_20251211_201454.jpg,correct,0.572616,0.497334,frame_0071.png
