timestamp,filename,dest,best_match,score
20251208_150243,bus_at_20251208_143615.jpg,correct,frame_0071.png,0.693180
20251208_150243,bus_at_20251208_143620.jpg,correct,frame_0084.png,0.785719
20251208_150243,bus_at_20251208_143621.jpg,correct,frame_0084.png,0.750730
20251208_150243,bus_at_20251208_143622.jpg,correct,frame_0071.png,0.691464
20251208_150243,bus_at_20251208_143623.jpg,correct,frame_0071.png,0.697317
20251208_150243,bus_at_20251208_143624.jpg,correct,frame_0071.png,0.705410
20251208_150243,bus_at_20251208_143625.jpg,correct,frame_0084.png,0.719883
20251208_150243,bus_at_20251208_143626.jpg,correct,frame_0071.png,0.668637
20251208_150243,bus_at_20251208_143627.jpg,correct,frame_0084.png,0.790702
20251208_150243,bus_at_20251208_143633.jpg,correct,frame_0084.png,0.762252
20251208_150243,bus_at_20251208_143634.jpg,correct,frame_0071.png,0.684603
20251208_150243,bus_at_20251208_143635.jpg,correct,frame_0071.png,0.676130
20251208_150243,bus_at_20251208_143636.jpg,correct,frame_0071.png,0.705410
20251208_150243,bus_at_20251208_143637.jpg,correct,frame_0071.png,0.705410
20251208_150243,bus_at_20251208_143827.jpg,correct,frame_0071.png,0.757965
20251208_150243,bus_at_20251208_143828.jpg,correct,frame_0071.png,0.705410
20251208_150244,bus_at_20251208_143829.jpg,correct,frame_0071.png,0.705410
20251208_150244,bus_at_20251208_143830.jpg,correct,frame_0071.png,0.705410
20251208_150244,bus_at_20251208_143831.jpg,correct,frame_0071.png,0.705410
20251208_150244,bus_at_20251208_143832.jpg,correct,frame_0071.png,0.682065
20251208_150244,bus_at_20251208_143833.jpg,correct,frame_0071.png,0.705410
20251208_150244,bus_at_20251208_143834.jpg,correct,frame_0084.png,0.773777
20251208_150244,bus_at_20251208_145131.jpg,correct,frame_0071.png,0.725614
20251208_150244,bus_at_20251208_145132.jpg,correct,frame_0084.png,0.738167
20251208_150244,bus_at_20251208_145137.jpg,correct,frame_0084.png,0.791430
20251208_150244,bus_at_20251208_145138.jpg,correct,frame_0084.png,0.769102
20251208_150244,bus_at_20251208_145139.jpg,correct,frame_0071.png,0.680606
20251208_150244,bus_at_20251208_145140.jpg,correct,frame_0071.png,0.681090
20251208_150244,bus_at_20251208_145141.jpg,correct,frame_0071.png,0.705410
20251208_150244,bus_at_20251208_145142.jpg,correct,frame_0084.png,0.715775
20251208_150244,bus_at_20251208_145143.jpg,correct,frame_0071.png,0.640290
20251208_150244,bus_at_20251208_145144.jpg,correct,frame_0084.png,0.738167
20251208_150245,bus_at_20251208_145208.jpg,correct,frame_0084.png,0.740059
20251208_150245,bus_at_20251208_145209.jpg,correct,frame_0071.png,0.773796
20251208_150245,bus_at_20251208_145210.jpg,correct,frame_0076.png,0.781548
20251208_150245,bus_at_20251208_145211.jpg,correct,frame_0084.png,0.771695
20251208_150245,bus_at_20251208_145212.jpg,correct,frame_0071.png,0.746939
20251208_150245,bus_at_20251208_145213.jpg,correct,frame_0071.png,0.744306
20251208_150245,bus_at_20251208_145214.jpg,correct,frame_0071.png,0.723853
20251208_150245,bus_at_20251208_145215.jpg,correct,frame_0079.png,0.642299
20251208_150245,bus_at_20251208_145216.jpg,correct,frame_0071.png,0.628695
20251208_150245,bus_at_20251208_145226.jpg,correct,frame_0071.png,0.684475
20251208_150245,bus_at_20251208_145227.jpg,correct,frame_0084.png,0.771695
20251208_150245,bus_at_20251208_145228.jpg,correct,frame_0071.png,0.751715
20251208_150245,bus_at_20251208_145229.jpg,correct,frame_0079.png,0.642299
20251208_150245,bus_at_20251208_145230.jpg,correct,frame_0071.png,0.628695
20251208_150245,bus_at_20251208_145244.jpg,correct,frame_0071.png,0.684475
20251208_150245,bus_at_20251208_145245.jpg,correct,frame_0071.png,0.725614
20251208_150246,bus_at_20251208_145246.jpg,correct,frame_0076.png,0.783099
20251208_150246,bus_at_20251208_145247.jpg,correct,frame_0084.png,0.735431
20251208_150246,bus_at_20251208_145258.jpg,correct,frame_0071.png,0.773394
20251208_150246,bus_at_20251208_145259.jpg,correct,frame_0084.png,0.715775
20251208_150246,bus_at_20251208_145300.jpg,correct,frame_0071.png,0.628695
20251208_150246,bus_at_20251208_145304.jpg,correct,frame_0071.png,0.628092
20251208_150246,bus_at_20251208_145305.jpg,correct,frame_0071.png,0.724775
20251208_150246,bus_at_20251208_145306.jpg,correct,frame_0071.png,0.763690
20251208_150246,bus_at_20251208_145307.jpg,correct,frame_0084.png,0.782187
20251208_150246,bus_at_20251208_145308.jpg,correct,frame_0084.png,0.791628
20251208_150246,bus_at_20251208_145309.jpg,correct,frame_0076.png,0.742197
20251208_150246,bus_at_20251208_145310.jpg,correct,frame_0076.png,0.719585
20251208_150246,bus_at_20251208_145312.jpg,correct,frame_0071.png,0.684029
20251208_150246,bus_at_20251208_145326.jpg,correct,frame_0071.png,0.643086
20251208_150246,bus_at_20251208_145336.jpg,correct,frame_0084.png,0.779495
20251208_150246,bus_at_20251208_145337.jpg,correct,frame_0076.png,0.782260
20251208_150246,bus_at_20251208_145338.jpg,correct,frame_0084.png,0.750730
20251208_150246,bus_at_20251208_145342.jpg,correct,frame_0071.png,0.718684
20251208_150246,bus_at_20251208_145343.jpg,correct,frame_0077.png,0.735741
20251208_150246,bus_at_20251208_145344.jpg,correct,frame_0071.png,0.667676
20251208_150246,bus_at_20251208_145345.jpg,correct,frame_0071.png,0.691816
20251208_150246,bus_at_20251208_145346.jpg,correct,frame_0071.png,0.682751
20251208_150246,bus_at_20251208_145347.jpg,correct,frame_0071.png,0.685942
20251208_150246,bus_at_20251208_145348.jpg,correct,frame_0071.png,0.684270
20251208_150246,bus_at_20251208_145349.jpg,correct,frame_0071.png,0.693879
20251208_150246,bus_at_20251208_145350.jpg,correct,frame_0071.png,0.684111
20251208_150246,bus_at_20251208_145351.jpg,correct,frame_0071.png,0.684770
20251208_150246,bus_at_20251208_145352.jpg,correct,frame_0071.png,0.692465
20251208_150246,bus_at_20251208_145353.jpg,correct,frame_0071.png,0.706673
20251208_150246,bus_at_20251208_145354.jpg,correct,frame_0071.png,0.705410
20251208_150246,bus_at_20251208_145355.jpg,correct,frame_0084.png,0.767550
20251208_150246,bus_at_20251208_145356.jpg,correct,frame_0071.png,0.773394
20251208_150247,bus_at_20251208_145357.jpg,correct,frame_0084.png,0.693241
20251208_150247,bus_at_20251208_145358.jpg,correct,frame_0071.png,0.622018
20251208_150247,fullframe_tid10_20251205_161510_s0.72.jpg,correct,frame_0079.png,0.691793
20251208_150247,fullframe_tid13_20251205_161528_s0.72.jpg,correct,frame_0079.png,0.707804
20251208_150247,fullframe_tid14_20251205_161738_s0.69.jpg,correct,frame_0079.png,0.682181
20251208_150247,fullframe_tid15_20251205_161905_s0.73.jpg,correct,frame_0079.png,0.726290
20251208_150247,fullframe_tid17_20251205_161949_s0.70.jpg,correct,frame_0079.png,0.664515
20251208_150247,fullframe_tid19_20251205_162503_s0.72.jpg,correct,frame_0079.png,0.683966
20251208_150247,fullframe_tid1_20251205_154140_s0.73.jpg,correct,frame_0079.png,0.689059
20251208_150247,fullframe_tid21_20251205_162505_s0.71.jpg,correct,frame_0079.png,0.697421
20251208_150247,fullframe_tid22_20251205_162650_s0.80.jpg,correct,frame_0079.png,0.693251
20251208_150247,fullframe_tid4_20251205_154433_s0.75.jpg,correct,frame_0079.png,0.779829
20251208_150247,fullframe_tid6_20251205_155105_s0.69.jpg,correct,frame_0079.png,0.705285
20251208_150247,fullframe_tid8_20251205_160956_s0.78.jpg,correct,frame_0079.png,0.740615
20251208_150247,fullframe_tid9_20251205_161322_s0.70.jpg,correct,frame_0079.png,0.667260
20251208_150404,bus_at_20251208_143615.jpg,correct,frame_0071.png,0.693180
20251208_150404,bus_at_20251208_143620.jpg,correct,frame_0084.png,0.785719
20251208_150404,bus_at_20251208_143621.jpg,correct,frame_0084.png,0.750730
20251208_150404,bus_at_20251208_143622.jpg,correct,frame_0071.png,0.691464
20251208_150404,bus_at_20251208_143623.jpg,correct,frame_0071.png,0.697317
20251208_150404,bus_at_20251208_143625.jpg,correct,frame_0084.png,0.719883
20251208_150404,bus_at_20251208_143626.jpg,correct,frame_0071.png,0.668637
20251208_150404,bus_at_20251208_143633.jpg,correct,frame_0084.png,0.762252
20251208_150404,bus_at_20251208_143634.jpg,correct,frame_0071.png,0.684603
20251208_150404,bus_at_20251208_143635.jpg,correct,frame_0071.png,0.676130
20251208_150404,bus_at_20251208_143637.jpg,correct,frame_0071.png,0.705410
20251208_150404,bus_at_20251208_143827.jpg,correct,frame_0071.png,0.757965
20251208_150404,bus_at_20251208_143828.jpg,correct,frame_0071.png,0.705410
20251208_150404,bus_at_20251208_143831.jpg,correct,frame_0071.png,0.705410
20251208_150404,bus_at_20251208_143832.jpg,correct,frame_0071.png,0.682065
20251208_150404,bus_at_20251208_143834.jpg,correct,frame_0084.png,0.773777
20251208_150405,bus_at_20251208_145131.jpg,correct,frame_0071.png,0.725614
20251208_150405,bus_at_20251208_145132.jpg,correct,frame_0084.png,0.738167
20251208_150405,bus_at_20251208_145137.jpg,correct,frame_0084.png,0.791430
20251208_150405,bus_at_20251208_145139.jpg,correct,frame_0071.png,0.680606
20251208_150405,bus_at_20251208_145140.jpg,correct,frame_0071.png,0.681090
20251208_150405,bus_at_20251208_145141.jpg,correct,frame_0071.png,0.705410
20251208_150405,bus_at_20251208_145142.jpg,correct,frame_0084.png,0.715775
20251208_150405,bus_at_20251208_145144.jpg,correct,frame_0084.png,0.738167
20251208_150405,bus_at_20251208_145208.jpg,correct,frame_0084.png,0.740059
20251208_150405,bus_at_20251208_145209.jpg,correct,frame_0071.png,0.773796
20251208_150405,bus_at_20251208_145210.jpg,correct,frame_0076.png,0.781548
20251208_150405,bus_at_20251208_145211.jpg,correct,frame_0084.png,0.771695
20251208_150405,bus_at_20251208_145212.jpg,correct,frame_0071.png,0.746939
20251208_150405,bus_at_20251208_145213.jpg,correct,frame_0071.png,0.744306
20251208_150405,bus_at_20251208_145214.jpg,correct,frame_0071.png,0.723853
20251208_150405,bus_at_20251208_145215.jpg,correct,frame_0079.png,0.642299
20251208_150406,bus_at_20251208_145216.jpg,correct,frame_0071.png,0.628695
20251208_150406,bus_at_20251208_145226.jpg,correct,frame_0071.png,0.684475
20251208_150406,bus_at_20251208_145227.jpg,correct,frame_0084.png,0.771695
20251208_150406,bus_at_20251208_145228.jpg,correct,frame_0071.png,0.751715
20251208_150406,bus_at_20251208_145229.jpg,correct,frame_0079.png,0.642299
20251208_150406,bus_at_20251208_145230.jpg,correct,frame_0071.png,0.628695
20251208_150406,bus_at_20251208_145244.jpg,correct,frame_0071.png,0.684475
20251208_150406,bus_at_20251208_145245.jpg,correct,frame_0071.png,0.725614
20251208_150406,bus_at_20251208_145246.jpg,correct,frame_0076.png,0.783099
20251208_150406,bus_at_20251208_145247.jpg,correct,frame_0084.png,0.735431
20251208_150406,bus_at_20251208_145258.jpg,correct,frame_0071.png,0.773394
20251208_150406,bus_at_20251208_145259.jpg,correct,frame_0084.png,0.715775
20251208_150406,bus_at_20251208_145300.jpg,correct,frame_0071.png,0.628695
20251208_150406,bus_at_20251208_145304.jpg,correct,frame_0071.png,0.628092
20251208_150406,bus_at_20251208_145305.jpg,correct,frame_0071.png,0.724775
20251208_150406,bus_at_20251208_145306.jpg,correct,frame_0071.png,0.763690
20251208_150406,bus_at_20251208_145307.jpg,correct,frame_0084.png,0.782187
20251208_150406,bus_at_20251208_145308.jpg,correct,frame_0084.png,0.791628
20251208_150406,bus_at_20251208_145309.jpg,correct,frame_0076.png,0.742197
20251208_150406,bus_at_20251208_145310.jpg,correct,frame_0076.png,0.719585
20251208_150406,bus_at_20251208_145312.jpg,correct,frame_0071.png,0.684029
20251208_150406,bus_at_20251208_145326.jpg,correct,frame_0071.png,0.643086
20251208_150406,bus_at_20251208_145336.jpg,correct,frame_0084.png,0.779495
20251208_150406,bus_at_20251208_145337.jpg,correct,frame_0076.png,0.782260
20251208_150406,bus_at_20251208_145338.jpg,correct,frame_0084.png,0.750730
20251208_150406,bus_at_20251208_145342.jpg,correct,frame_0071.png,0.718684
20251208_150406,bus_at_20251208_145343.jpg,correct,frame_0077.png,0.735741
20251208_150406,bus_at_20251208_145344.jpg,correct,frame_0071.png,0.667676
20251208_150406,bus_at_20251208_145345.jpg,correct,frame_0071.png,0.691816
20251208_150406,bus_at_20251208_145346.jpg,correct,frame_0071.png,0.682751
20251208_150406,bus_at_20251208_145347.jpg,correct,frame_0071.png,0.685942
20251208_150406,bus_at_20251208_145348.jpg,correct,frame_0071.png,0.684270
20251208_150407,bus_at_20251208_145349.jpg,correct,frame_0071.png,0.693879
20251208_150407,bus_at_20251208_145350.jpg,correct,frame_0071.png,0.684111
20251208_150407,bus_at_20251208_145351.jpg,correct,frame_0071.png,0.684770
20251208_150407,bus_at_20251208_145352.jpg,correct,frame_0071.png,0.692465
20251208_150407,bus_at_20251208_145353.jpg,correct,frame_0071.png,0.706673
20251208_150407,bus_at_20251208_145354.jpg,correct,frame_0071.png,0.705410
20251208_150407,bus_at_20251208_145355.jpg,correct,frame_0084.png,0.767550
20251208_150407,bus_at_20251208_145356.jpg,correct,frame_0071.png,0.773394
20251208_150407,bus_at_20251208_145357.jpg,correct,frame_0084.png,0.693241
20251208_150407,bus_at_20251208_145358.jpg,correct,frame_0071.png,0.622018
20251208_150407,fullframe_tid10_20251205_161510_s0.72.jpg,correct,frame_0079.png,0.691793
20251208_150407,fullframe_tid13_20251205_161528_s0.72.jpg,correct,frame_0079.png,0.707804
20251208_150407,fullframe_tid14_20251205_161738_s0.69.jpg,correct,frame_0079.png,0.682181
20251208_150407,fullframe_tid15_20251205_161905_s0.73.jpg,correct,frame_0079.png,0.726290
20251208_150407,fullframe_tid17_20251205_161949_s0.70.jpg,correct,frame_0079.png,0.664515
20251208_150407,fullframe_tid19_20251205_162503_s0.72.jpg,correct,frame_0079.png,0.683966
20251208_150414,fullframe_tid1_20251205_154140_s0.73.jpg,correct,frame_0079.png,0.689059
20251208_150414,fullframe_tid21_20251205_162505_s0.71.jpg,correct,frame_0079.png,0.697421
20251208_150414,fullframe_tid22_20251205_162650_s0.80.jpg,correct,frame_0079.png,0.693251
20251208_150414,fullframe_tid4_20251205_154433_s0.75.jpg,correct,frame_0079.png,0.779829
20251208_150414,fullframe_tid6_20251205_155105_s0.69.jpg,correct,frame_0079.png,0.705285
20251208_150414,fullframe_tid8_20251205_160956_s0.78.jpg,correct,frame_0079.png,0.740615
20251208_150414,fullframe_tid9_20251205_161322_s0.70.jpg,correct,frame_0079.png,0.667260
20251208_150414,onibus_2025-06-26_13-03-52.jpg,correct,frame_0071.png,0.666270
20251208_150414,onibus_2025-06-26_13-08-52.jpg,correct,frame_0079.png,0.646555
20251208_150414,onibus_2025-06-26_13-20-03.jpg,correct,frame_0079.png,0.690590
20251208_150414,onibus_2025-06-26_13-21-14.jpg,correct,frame_0079.png,0.663323
20251208_150414,onibus_2025-06-26_13-48-40.jpg,correct,frame_0079.png,0.682115
20251208_150414,onibus_2025-06-26_13-48-58.jpg,correct,frame_0074.png,0.712229
20251208_150414,onibus_2025-06-26_14-32-15.jpg,correct,frame_0076.png,0.784997
20251208_150414,onibus_2025-06-26_16-07-19.jpg,correct,frame_0079.png,0.659122
20251208_150414,onibus_2025-06-26_16-30-26.jpg,correct,frame_0079.png,0.765941
20251208_150420,onibus_2025-06-26_16-31-03.jpg,correct,frame_0079.png,0.733493
20251208_150420,onibus_2025-06-26_16-52-10.jpg,correct,frame_0071.png,0.681648
20251208_150420,onibus_2025-06-26_16-59-44.jpg,correct,frame_0071.png,0.671183
20251208_150420,onibus_2025-06-26_17-15-28.jpg,correct,frame_0079.png,0.773189
20251208_150420,onibus_2025-06-26_17-19-13.jpg,correct,frame_0071.png,0.676513
20251208_150420,onibus_2025-06-26_17-27-22.jpg,correct,frame_0079.png,0.708506
20251208_150420,onibus_2025-06-26_17-42-43.jpg,correct,frame_0071.png,0.690956
20251208_150420,onibus_2025-06-26_17-49-18.jpg,correct,frame_0033.png,0.686373
20251208_150420,onibus_2025-06-26_18-14-50.jpg,correct,frame_0071.png,0.602829
20251208_150420,onibus_2025-06-26_18-19-05.jpg,correct,frame_0071.png,0.607184
20251208_150420,onibus_2025-06-26_18-24-52.jpg,correct,frame_0025.png,0.679507
20251208_150420,onibus_2025-06-29_14-38-48.jpg,correct,frame_0076.png,0.761188
20251208_150420,onibus_2025-09-19_11-55-50.jpg,correct,frame_0024.png,0.672230
20251208_150420,onibus_2025-09-19_11-56-01.jpg,correct,frame_0084.png,0.685870
20251208_150420,onibus_2025-09-19_11-59-48.jpg,correct,frame_0077.png,0.649531
20251208_150420,onibus_2025-09-19_12-01-08.jpg,correct,frame_0033.png,0.729378
20251208_150426,onibus_2025-09-19_12-01-18.jpg,correct,frame_0084.png,0.716756
20251208_150426,onibus_2025-09-19_12-05-34.jpg,correct,frame_0079.png,0.693225
20251208_150426,onibus_2025-09-19_12-27-11.jpg,correct,frame_0079.png,0.707518
20251208_150426,onibus_2025-09-19_12-27-22.jpg,correct,frame_0079.png,0.684036
20251208_150426,onibus_2025-09-19_12-43-25.jpg,correct,frame_0019.png,0.700239
20251208_150426,onibus_2025-09-19_13-01-11.jpg,correct,frame_0079.png,0.653288
20251208_150426,onibus_2025-09-19_13-01-41.jpg,correct,frame_0079.png,0.688768
20251208_150426,onibus_2025-09-19_13-05-45.jpg,correct,frame_0084.png,0.682984
20251208_150426,onibus_2025-09-19_13-15-24.jpg,correct,frame_0033.png,0.791072
20251208_150426,onibus_2025-09-19_13-17-48.jpg,correct,frame_0084.png,0.685228
